,cells,cluster
1,Brain.Mural4_L24,PC
2,Brain.Mural3_A21,PC
3,Brain.Mural6_O19,PC
4,Brain.Mural5_J11,PC
5,Brain.Mural4_G12,PC
6,Brain.Mural6_L21,PC
7,Brain.Mural3_P22,PC
8,Brain.Mural4_P3,PC
9,Brain.Mural6_I6,PC
10,Brain.Mural6_O7,PC
11,Brain.Mural6_O1,PC
12,Brain.Mural6_P1,PC
13,Brain.Mural4_H19,PC
14,Brain.Mural4_D23,PC
15,Brain.Mural5_L19,PC
16,Brain.Mural3_C2,PC
17,Brain.Mural3_B12,PC
18,Brain.Mural5_B21,PC
19,Brain.Mural3_B18,PC
20,Brain.Mural3_G17,PC
21,Brain.Mural6_G8,PC
22,Brain.Mural4_O9,PC
23,Brain.Mural6_E6,PC
24,Brain.Mural5_J21,PC
25,Brain.Mural6_A6,PC
26,Brain.Mural6_C19,PC
27,Brain.Mural5_L4,PC
28,Brain.Mural6_P9,PC
29,Brain.Mural4_N23,PC
30,Brain.Mural5_F23,PC
31,Brain.Mural5_H16,PC
32,Brain.Mural6_L7,PC
33,Brain.Mural3_D8,PC
34,Brain.Mural5_C13,PC
35,Brain.Mural4_I1,PC
36,Brain.Mural6_J19,PC
37,Brain.Mural4_O6,PC
38,Brain.Mural5_L20,PC
39,Brain.Mural4_P7,PC
40,Brain.Mural3_I21,PC
41,Brain.Mural6_L22,PC
42,Brain.Mural5_O8,PC
43,Brain.Mural6_B5,PC
44,Brain.Mural5_H3,PC
45,Brain.Mural4_J22,PC
46,Brain.Mural6_K15,PC
47,Brain.Mural3_P12,PC
48,Brain.Mural5_F9,PC
49,Brain.Mural3_L18,PC
50,Brain.Mural3_C3,PC
51,Brain.Mural5_P11,PC
52,Brain.Mural3_M4,PC
53,Brain.Mural5_G24,PC
54,Brain.Mural3_C22,PC
55,Brain.Mural5_G4,PC
56,Brain.Mural5_M7,PC
57,Brain.Mural3_I17,PC
58,Brain.Mural3_C13,PC
59,Brain.Mural4_H10,PC
60,Brain.Mural6_B23,PC
61,Brain.Mural3_D19,PC
62,Brain.Mural6_G5,PC
63,Brain.Mural6_I13,PC
64,Brain.Mural5_C11,PC
65,Brain.Mural6_D16,PC
66,Brain.Mural6_F22,PC
67,Brain.Mural3_C7,PC
68,Brain.Mural4_A23,PC
69,Brain.Mural6_M21,PC
70,Brain.Mural4_G21,PC
71,Brain.Mural5_M24,PC
72,Brain.Mural5_G19,PC
73,Brain.Mural6_D4,PC
74,Brain.Mural5_M20,PC
75,Brain.Mural6_L3,PC
76,Brain.Mural6_M15,PC
77,Brain.Mural6_N11,PC
78,Brain.Mural3_O12,PC
79,Brain.Mural4_O5,PC
80,Brain.Mural3_A1,PC
81,Brain.Mural4_O4,PC
82,Brain.Mural6_M23,PC
83,Brain.Mural3_D20,PC
84,Brain.Mural5_P8,PC
85,Brain.Mural6_H11,PC
86,Brain.Mural3_C8,PC
87,Brain.Mural4_G23,PC
88,Brain.Mural5_L8,PC
89,Brain.Mural4_M17,PC
90,Brain.Mural3_M14,PC
91,Brain.Mural6_F5,PC
92,Brain.Mural6_O10,PC
93,Brain.Mural4_D8,PC
94,Brain.Mural3_K19,PC
95,Brain.Mural3_M23,PC
96,Brain.Mural6_L18,PC
97,Brain.Mural3_C6,PC
98,Brain.Mural6_P23,PC
99,Brain.Mural6_F18,PC
100,Brain.Mural5_I2,PC
101,Brain.Mural4_M5,PC
102,Brain.Mural5_L23,PC
103,Brain.Mural5_D14,PC
104,Brain.Mural4_G10,PC
105,Brain.Mural5_K10,PC
106,Brain.Mural6_N3,PC
107,Brain.Mural3_H16,PC
108,Brain.Mural3_F21,PC
109,Brain.Mural3_G18,PC
110,Brain.Mural5_G10,PC
111,Brain.Mural6_F2,PC
112,Brain.Mural4_P20,PC
113,Brain.Mural6_F20,PC
114,Brain.Mural5_J1,PC
115,Brain.Mural5_J23,PC
116,Brain.Mural3_L11,PC
117,Brain.Mural5_L3,PC
118,Brain.Mural5_D4,PC
119,Brain.Mural5_I22,PC
120,Brain.Mural5_I1,PC
121,Brain.Mural5_B10,PC
122,Brain.Mural6_P11,PC
123,Brain.Mural3_B13,PC
124,Brain.Mural6_D5,PC
125,Brain.Mural5_M12,PC
126,Brain.Mural6_P7,PC
127,Brain.Mural5_N10,PC
128,Brain.Mural5_O2,PC
129,Brain.Mural5_C22,PC
130,Brain.Mural4_L8,PC
131,Brain.Mural3_P21,PC
132,Brain.Mural5_B22,PC
133,Brain.Mural5_E1,PC
134,Brain.Mural6_F1,PC
135,Brain.Mural6_C6,PC
136,Brain.Mural5_O14,PC
137,Brain.Mural4_D19,PC
138,Brain.Mural5_M2,PC
139,Brain.Mural5_J24,PC
140,Brain.Mural3_B7,PC
141,Brain.Mural3_B19,PC
142,Brain.Mural5_N18,PC
143,Brain.Mural4_H5,PC
144,Brain.Mural4_F5,PC
145,Brain.Mural3_D17,PC
146,Brain.Mural5_C15,PC
147,Brain.Mural4_K21,PC
148,Brain.Mural3_G20,PC
149,Brain.Mural5_H7,PC
150,Brain.Mural5_F3,PC
151,Brain.Mural3_M8,PC
152,Brain.Mural3_C15,PC
153,Brain.Mural6_G11,PC
154,Brain.Mural3_F12,PC
155,Brain.Mural4_O21,PC
156,Brain.Mural4_E6,PC
157,Brain.Mural4_C7,PC
158,Brain.Mural6_L12,PC
159,Brain.Mural6_K2,PC
160,Brain.Mural3_K22,PC
161,Brain.Mural6_K21,PC
162,Brain.Mural5_C9,PC
163,Brain.Mural6_O17,PC
164,Brain.Mural5_K5,PC
165,Brain.Mural5_I4,PC
166,Brain.Mural6_H10,PC
167,Brain.Mural6_K10,PC
168,Brain.Mural4_C16,PC
169,Brain.Mural4_D4,PC
170,Brain.Mural6_A11,PC
171,Brain.Mural5_E11,PC
172,Brain.Mural5_N11,PC
173,Brain.Mural6_D23,PC
174,Brain.Mural4_H2,PC
175,Brain.Mural6_H17,PC
176,Brain.Mural6_H21,PC
177,Brain.Mural6_K23,PC
178,Brain.Mural6_N9,PC
179,Brain.Mural3_L13,PC
180,Brain.Mural6_P16,PC
181,Brain.Mural6_F15,PC
182,Brain.Mural6_N8,PC
183,Brain.Mural6_E16,PC
184,Brain.Mural4_M12,PC
185,Brain.Mural4_F11,PC
186,Brain.Mural6_D13,PC
187,Brain.Mural6_J13,PC
188,Brain.Mural5_J6,PC
189,Brain.Mural3_G10,PC
190,Brain.Mural4_O13,PC
191,Brain.Mural5_G20,PC
192,Brain.Mural3_H1,PC
193,Brain.Mural5_L11,PC
194,Brain.Mural3_M2,PC
195,Brain.Mural3_J16,PC
196,Brain.Mural6_I1,PC
197,Brain.Mural3_A18,PC
198,Brain.Mural5_A15,PC
199,Brain.Mural4_F6,PC
200,Brain.Mural6_F19,PC
201,Brain.Mural5_G14,PC
202,Brain.Mural6_N18,PC
203,Brain.Mural3_N24,PC
204,Brain.Mural6_K7,PC
205,Brain.Mural4_A13,PC
206,Brain.Mural5_G2,PC
207,Brain.Mural3_A7,PC
208,Brain.Mural5_J20,PC
209,Brain.Mural3_H22,PC
210,Brain.Mural4_I6,PC
211,Brain.Mural4_E13,PC
212,Brain.Mural5_P7,PC
213,Brain.Mural4_C2,PC
214,Brain.Mural4_J8,PC
215,Brain.Mural5_I6,PC
216,Brain.Mural5_N23,PC
217,Brain.Mural6_F3,PC
218,Brain.Mural6_M7,PC
219,Brain.Mural6_L13,PC
220,Brain.Mural6_K24,PC
221,Brain.Mural6_C16,PC
222,Brain.Mural3_O2,PC
223,Brain.Mural5_K24,PC
224,Brain.Mural6_D7,PC
225,Brain.Mural6_N7,PC
226,Brain.Mural5_O18,PC
227,Brain.Mural6_D6,PC
228,Brain.Mural4_B3,PC
229,Brain.Mural3_C17,PC
230,Brain.Mural5_M13,PC
231,Brain.Mural5_N7,PC
232,Brain.Mural3_N4,PC
233,Brain.Mural4_I22,PC
234,Brain.Mural3_K17,PC
235,Brain.Mural3_H23,PC
236,Brain.Mural3_E6,PC
237,Brain.Mural4_J24,PC
238,Brain.Mural4_B23,PC
239,Brain.Mural4_I2,PC
240,Brain.Mural3_E21,PC
241,Brain.Mural6_E19,PC
242,Brain.Mural4_P21,PC
243,Brain.Mural4_A12,PC
244,Brain.Mural3_C1,PC
245,Brain.Mural3_F22,PC
246,Brain.Mural4_O19,PC
247,Brain.Mural4_H11,PC
248,Brain.Mural4_A7,PC
249,Brain.Mural4_O14,PC
250,Brain.Mural3_J17,PC
251,Brain.Mural5_C7,PC
252,Brain.Mural3_M5,PC
253,Brain.Mural6_N4,PC
254,Brain.Mural3_H19,PC
255,Brain.Mural3_A2,PC
256,Brain.Mural3_J13,PC
257,Brain.Mural3_B22,PC
258,Brain.Mural5_N1,PC
259,Brain.Mural5_I8,PC
260,Brain.Mural5_P5,PC
261,Brain.Mural6_E12,PC
262,Brain.Mural6_H23,PC
263,Brain.Mural5_J8,PC
264,Brain.Mural6_B6,PC
265,Brain.Mural4_B2,PC
266,Brain.Mural6_E15,PC
267,Brain.Mural6_P24,PC
268,Brain.Mural3_E4,PC
269,Brain.Mural5_O11,PC
270,Brain.Mural6_L10,PC
271,Brain.Mural4_E5,PC
272,Brain.Mural6_P20,PC
273,Brain.Mural4_E2,PC
274,Brain.Mural4_G8,PC
275,Brain.Mural4_A11,PC
276,Brain.Mural4_A2,PC
277,Brain.Mural6_I18,PC
278,Brain.Mural3_A12,PC
279,Brain.Mural6_E11,PC
280,Brain.Mural5_F11,PC
281,Brain.Mural4_L7,PC
282,Brain.Mural5_C6,PC
283,Brain.Mural6_K17,PC
284,Brain.Mural3_F9,PC
285,Brain.Mural4_B5,PC
286,Brain.Mural6_A20,PC
287,Brain.Mural6_E7,PC
288,Brain.Mural6_K22,PC
289,Brain.Mural6_H6,PC
290,Brain.Mural5_G15,PC
291,Brain.Mural3_O3,PC
292,Brain.Mural6_H22,PC
293,Brain.Mural6_A19,PC
294,Brain.Mural4_K15,PC
295,Brain.Mural6_C14,PC
296,Brain.Mural5_A14,PC
297,Brain.Mural3_L10,PC
298,Brain.Mural4_D2,PC
299,Brain.Mural6_B20,PC
300,Brain.Mural4_F23,PC
301,Brain.Mural4_A4,PC
302,Brain.Mural6_J5,PC
303,Brain.Mural5_O20,PC
304,Brain.Mural5_P13,PC
305,Brain.Mural6_D22,PC
306,Brain.Mural5_A16,PC
307,Brain.Mural3_D24,PC
308,Brain.Mural6_N14,PC
309,Brain.Mural5_C17,PC
310,Brain.Mural5_J10,PC
311,Brain.Mural4_G5,PC
312,Brain.Mural6_G10,PC
313,Brain.Mural6_E18,PC
314,Brain.Mural5_F16,PC
315,Brain.Mural6_I8,PC
316,Brain.Mural5_E20,PC
317,Brain.Mural4_P10,PC
318,Brain.Mural6_H3,PC
319,Brain.Mural5_L12,PC
320,Brain.Mural4_M20,PC
321,Brain.Mural5_M6,PC
322,Brain.Mural4_F22,PC
323,Brain.Mural4_L6,PC
324,Brain.Mural3_J9,PC
325,Brain.Mural5_L17,PC
326,Brain.Mural3_D7,PC
327,Brain.Mural5_H12,PC
328,Brain.Mural6_B3,PC
329,Brain.Mural3_J24,PC
330,Brain.Mural5_H24,PC
331,Brain.Mural6_D8,PC
332,Brain.Mural5_D6,PC
333,Brain.Mural4_J19,PC
334,Brain.Mural3_J10,PC
335,Brain.Mural5_D2,PC
336,Brain.Mural3_P6,PC
337,Brain.Mural6_E2,PC
338,Brain.Mural4_P11,PC
339,Brain.Mural6_D9,PC
340,Brain.Mural6_J17,PC
341,Brain.Mural3_J19,PC
342,Brain.Mural5_P20,PC
343,Brain.Mural6_J10,PC
344,Brain.Mural3_P15,PC
345,Brain.Mural3_A6,PC
346,Brain.Mural5_M4,PC
347,Brain.Mural4_A20,PC
348,Brain.Mural3_G19,PC
349,Brain.Mural3_H7,PC
350,Brain.Mural6_N22,PC
351,Brain.Mural6_D14,PC
352,Brain.Mural3_H13,PC
353,Brain.Mural3_A24,PC
354,Brain.Mural5_B2,PC
355,Brain.Mural6_M8,PC
356,Brain.Mural6_B24,PC
357,Brain.Mural6_M16,PC
358,Brain.Mural3_A11,PC
359,Brain.Mural6_M4,PC
360,Brain.Mural6_I22,PC
361,Brain.Mural5_E5,PC
362,Brain.Mural6_G17,PC
363,Brain.Mural4_C8,PC
364,Brain.Mural5_P1,PC
365,Brain.Mural6_A12,PC
366,Brain.Mural3_D9,PC
367,Brain.Mural6_I5,PC
368,Brain.Mural6_J9,PC
369,Brain.Mural6_B7,PC
370,Brain.Mural4_O11,PC
371,Brain.Mural3_F4,PC
372,Brain.Mural5_K1,PC
373,Brain.Mural5_L24,PC
374,Brain.Mural6_A8,PC
375,Brain.Mural3_B10,PC
376,Brain.Mural5_H22,PC
377,Brain.Mural6_L8,PC
378,Brain.Mural4_O7,PC
379,Brain.Mural5_H19,PC
380,Brain.Mural5_B18,PC
381,Brain.Mural5_G12,PC
382,Brain.Mural3_F6,PC
383,Brain.Mural5_D10,PC
384,Brain.Mural6_E14,PC
385,Brain.Mural3_O1,PC
386,Brain.Mural3_G12,PC
387,Brain.Mural6_C7,PC
388,Brain.Mural4_H9,PC
389,Brain.Mural6_B8,PC
390,Brain.Mural6_N21,PC
391,Brain.Mural5_D9,PC
392,Brain.Mural4_K9,PC
393,Brain.Mural4_D16,PC
394,Brain.Mural5_H23,PC
395,Brain.Mural4_K2,PC
396,Brain.Mural4_O1,PC
397,Brain.Mural3_N2,PC
398,Brain.Mural5_E24,PC
399,Brain.Mural3_I22,PC
400,Brain.Mural5_J7,PC
401,Brain.Mural3_N17,PC
402,Brain.Mural3_M17,PC
403,Brain.Mural3_G5,PC
404,Brain.Mural4_I20,PC
405,Brain.Mural6_G18,PC
406,Brain.Mural4_K16,PC
407,Brain.Mural6_D17,PC
408,Brain.Mural4_D22,PC
409,Brain.Mural4_E9,PC
410,Brain.Mural6_N12,PC
411,Brain.Mural5_L22,PC
412,Brain.Mural5_O7,PC
413,Brain.Mural4_N17,PC
414,Brain.Mural5_C20,PC
415,Brain.Mural5_E18,PC
416,Brain.Mural5_F7,PC
417,Brain.Mural3_G14,PC
418,Brain.Mural3_N9,PC
419,Brain.Mural4_A8,PC
420,Brain.Mural5_G7,PC
421,Brain.Mural4_O20,PC
422,Brain.Mural3_K7,PC
423,Brain.Mural4_P19,PC
424,Brain.Mural5_J16,PC
425,Brain.Mural6_B22,PC
426,Brain.Mural4_K23,PC
427,Brain.Mural6_F4,PC
428,Brain.Mural5_I9,PC
429,Brain.Mural6_C2,PC
430,Brain.Mural5_O19,PC
431,Brain.Mural6_F6,PC
432,Brain.Mural5_N19,PC
433,Brain.Mural6_H4,PC
434,Brain.Mural5_J17,PC
435,Brain.Mural5_K6,PC
436,Brain.Mural3_J21,PC
437,Brain.Mural5_B14,PC
438,Brain.Mural3_E16,PC
439,Brain.Mural5_N16,PC
440,Brain.Mural5_B7,PC
441,Brain.Mural4_B13,PC
442,Brain.Mural5_G23,PC
443,Brain.Mural6_F12,PC
444,Brain.Mural4_I24,PC
445,Brain.Mural5_K13,PC
446,Brain.Mural5_G18,PC
447,Brain.Mural6_C22,PC
448,Brain.Mural6_C23,PC
449,Brain.Mural6_H12,PC
450,Brain.Mural5_K12,PC
451,Brain.Mural3_K14,PC
452,Brain.Mural6_G20,PC
453,Brain.Mural6_O4,PC
454,Brain.Mural3_O13,PC
455,Brain.Mural4_F7,PC
456,Brain.Mural5_I10,PC
457,Brain.Mural6_B15,PC
458,Brain.Mural6_J1,PC
459,Brain.Mural4_L1,PC
460,Brain.Mural5_L5,PC
461,Brain.Mural5_G22,PC
462,Brain.Mural3_E23,PC
463,Brain.Mural4_G14,PC
464,Brain.Mural6_E8,PC
465,Brain.Mural6_E23,PC
466,Brain.Mural6_J2,PC
467,Brain.Mural4_B4,PC
468,Brain.Mural5_O21,PC
469,Brain.Mural6_O15,PC
470,Brain.Mural5_D16,PC
471,Brain.Mural4_J6,PC
472,Brain.Mural5_I24,PC
473,Brain.Mural4_M1,PC
474,Brain.Mural6_H8,PC
475,Brain.Mural6_F8,PC
476,Brain.Mural6_L23,PC
477,Brain.Mural3_O23,PC
478,Brain.Mural3_G13,PC
479,Brain.Mural3_E1,PC
480,Brain.Mural6_C9,PC
481,Brain.Mural6_L11,PC
482,Brain.Mural5_M16,PC
483,Brain.Mural6_O9,PC
484,Brain.Mural3_F8,PC
485,Brain.Mural6_E10,PC
486,Brain.Mural4_B15,PC
487,Brain.Mural6_A18,PC
488,Brain.Mural5_E3,PC
489,Brain.Mural6_F17,PC
490,Brain.Mural6_I21,PC
491,Brain.Mural4_N3,PC
492,Brain.Mural6_N24,PC
493,Brain.Mural3_F17,PC
494,Brain.Mural6_N6,PC
495,Brain.Mural5_D19,PC
496,Brain.Mural5_A24,PC
497,Brain.Mural6_J3,PC
498,Brain.Mural5_H5,PC
499,Brain.Mural5_L7,PC
500,Brain.Mural6_B13,PC
501,Brain.Mural5_A21,PC
502,Brain.Mural4_I15,PC
503,Brain.Mural4_L4,PC
504,Brain.Mural5_A13,PC
505,Brain.Mural6_I20,PC
506,Brain.Mural6_K11,PC
507,Brain.Mural5_C16,PC
508,Brain.Mural3_P8,PC
509,Brain.Mural4_F9,PC
510,Brain.Mural4_D5,PC
511,Brain.Mural5_I17,PC
512,Brain.Mural6_L14,PC
513,Brain.Mural6_M22,PC
514,Brain.Mural6_H14,PC
515,Brain.Mural5_M9,PC
516,Brain.Mural4_C23,PC
517,Brain.Mural5_M10,PC
518,Brain.Mural5_D23,PC
519,Brain.Mural6_C17,PC
520,Brain.Mural5_K15,PC
521,Brain.Mural3_I14,PC
522,Brain.Mural6_G9,PC
523,Brain.Mural4_L22,PC
524,Brain.Mural6_K3,PC
525,Brain.Mural5_B8,PC
526,Brain.Mural3_A13,PC
527,Brain.Mural4_N11,PC
528,Brain.Mural6_A17,PC
529,Brain.Mural3_E11,PC
530,Brain.Mural4_N6,PC
531,Brain.Mural6_P6,PC
532,Brain.Mural6_F23,PC
533,Brain.Mural4_D3,PC
534,Brain.Mural5_D17,PC
535,Brain.Mural6_O23,PC
536,Brain.Mural6_G7,PC
537,Brain.Mural4_N12,PC
538,Brain.Mural5_B6,PC
539,Brain.Mural3_F18,PC
540,Brain.Mural6_C21,PC
541,Brain.Mural5_I20,PC
542,Brain.Mural3_P10,PC
543,Brain.Mural6_I3,PC
544,Brain.Mural5_B13,PC
545,Brain.Mural6_H2,PC
546,Brain.Mural5_I21,PC
547,Brain.Mural5_I15,PC
548,Brain.Mural6_A2,PC
549,Brain.Mural4_K3,PC
550,Brain.Mural6_I10,PC
551,Brain.Mural3_F11,PC
552,Brain.Mural5_C10,PC
553,Brain.Mural3_H12,PC
554,Brain.Mural6_K8,PC
555,Brain.Mural5_M23,PC
556,Brain.Mural4_F10,PC
557,Brain.Mural5_C19,PC
558,Brain.Mural6_N17,PC
559,Brain.Mural3_O19,PC
560,Brain.Mural3_D23,PC
561,Brain.Mural5_H13,PC
562,Brain.Mural3_N20,PC
563,Brain.Mural6_J6,PC
564,Brain.Mural4_L9,PC
565,Brain.Mural6_M14,PC
566,Brain.Mural4_N21,PC
567,Brain.Mural4_G24,PC
568,Brain.Mural5_D20,PC
569,Brain.Mural4_N5,PC
570,Brain.Mural6_H5,PC
571,Brain.Mural5_E12,PC
572,Brain.Mural3_J14,PC
573,Brain.Mural6_P15,PC
574,Brain.Mural4_O3,PC
575,Brain.Mural4_F21,PC
576,Brain.Mural3_I23,PC
577,Brain.Mural6_C24,PC
578,Brain.Mural4_O8,PC
579,Brain.Mural3_H18,PC
580,Brain.Mural5_D18,PC
581,Brain.Mural4_A1,PC
582,Brain.Mural3_E14,PC
583,Brain.Mural3_O5,PC
584,Brain.Mural4_C22,PC
585,Brain.Mural3_L4,PC
586,Brain.Mural6_H13,PC
587,Brain.Mural3_P20,PC
588,Brain.Mural5_M1,PC
589,Brain.Mural5_N3,PC
590,Brain.Mural6_B19,PC
591,Brain.Mural4_E20,PC
592,Brain.Mural3_M24,PC
593,Brain.Mural4_P5,PC
594,Brain.Mural3_A19,PC
595,Brain.Mural6_C8,PC
596,Brain.Mural4_N4,PC
597,Brain.Mural5_N9,PC
598,Brain.Mural6_C18,PC
599,Brain.Mural6_K9,PC
600,Brain.Mural3_J3,PC
601,Brain.Mural6_I17,PC
602,Brain.Mural5_M3,PC
603,Brain.Mural4_N14,PC
604,Brain.Mural5_B3,PC
605,Brain.Mural5_C21,PC
606,Brain.Mural3_N22,PC
607,Brain.Mural4_O23,PC
608,Brain.Mural4_A6,PC
609,Brain.Mural4_F15,PC
610,Brain.Mural5_G5,PC
611,Brain.Mural3_E19,PC
612,Brain.Mural3_L7,PC
613,Brain.Mural4_F19,PC
614,Brain.Mural3_P23,PC
615,Brain.Mural6_P2,PC
616,Brain.Mural3_H24,PC
617,Brain.Mural3_F10,PC
618,Brain.Mural3_F15,PC
619,Brain.Mural3_O21,PC
620,Brain.Mural5_B4,PC
621,Brain.Mural4_P15,PC
622,Brain.Mural3_M20,PC
623,Brain.Mural4_C11,PC
624,Brain.Mural4_C21,PC
625,Brain.Mural4_O22,PC
626,Brain.Mural3_N10,PC
627,Brain.Mural3_C23,PC
628,Brain.Mural3_G4,PC
629,Brain.Mural4_I10,PC
630,Brain.Mural5_E13,PC
631,Brain.Mural5_B19,PC
632,Brain.Mural4_N24,PC
633,Brain.Mural3_M9,PC
634,Brain.Mural5_H17,PC
635,Brain.Mural3_P7,PC
636,Brain.Mural6_P14,PC
637,Brain.Mural4_A16,PC
638,Brain.Mural3_H6,PC
639,Brain.Mural4_H13,PC
640,Brain.Mural6_E20,PC
641,Brain.Mural6_M6,PC
642,Brain.Mural6_L5,PC
643,Brain.Mural4_M22,PC
644,Brain.Mural3_I19,PC
645,Brain.Mural6_F7,PC
646,Brain.Mural4_E21,PC
647,Brain.Mural3_K24,PC
648,Brain.Mural6_P13,PC
649,Brain.Mural4_B8,PC
650,Brain.Mural6_M10,PC
651,Brain.Mural4_C15,PC
652,Brain.Mural6_C4,PC
653,Brain.Mural3_E17,PC
654,Brain.Mural6_H19,PC
655,Brain.Mural4_G6,PC
656,Brain.Mural4_C1,PC
657,Brain.Mural4_K24,PC
658,Brain.Mural4_M18,PC
659,Brain.Mural5_L18,PC
660,Brain.Mural4_J21,PC
661,Brain.Mural6_A7,PC
662,Brain.Mural6_K19,PC
663,Brain.Mural6_L24,PC
664,Brain.Mural5_E7,PC
665,Brain.Mural5_F24,PC
666,Brain.Mural6_K6,PC
667,Brain.Mural3_B11,PC
668,Brain.Mural6_O18,PC
669,Brain.Mural3_K8,PC
670,Brain.Mural4_N18,PC
671,Brain.Mural3_P3,PC
672,Brain.Mural3_I18,PC
673,Brain.Mural3_P13,PC
674,Brain.Mural4_A19,PC
675,Brain.Mural6_H18,PC
676,Brain.Mural4_C17,PC
677,Brain.Mural6_P5,PC
678,Brain.Mural6_J22,PC
679,Brain.Mural5_M17,PC
680,Brain.Mural4_A18,PC
681,Brain.Mural3_N3,PC
682,Brain.Mural3_E13,PC
683,Brain.Mural5_A4,PC
684,Brain.Mural6_I12,PC
685,Brain.Mural3_G23,PC
686,Brain.Mural3_O4,PC
687,Brain.Mural4_L10,PC
688,Brain.Mural6_K4,PC
689,Brain.Mural4_J15,PC
690,Brain.Mural4_K17,PC
691,Brain.Mural6_E5,PC
692,Brain.Mural6_J14,PC
693,Brain.Mural4_C18,PC
694,Brain.Mural5_K8,PC
695,Brain.Mural3_G2,PC
696,Brain.Mural6_M24,PC
697,Brain.Mural4_J3,PC
698,Brain.Mural4_B17,PC
699,Brain.Mural5_E2,PC
700,Brain.Mural5_D1,PC
701,Brain.Mural6_J21,PC
702,Brain.Mural6_F16,PC
703,Brain.Mural5_P18,PC
704,Brain.Mural5_I12,PC
705,Brain.Mural5_M5,PC
706,Brain.Mural6_B4,PC
707,Brain.Mural3_E5,PC
708,Brain.Mural3_M21,PC
709,Brain.Mural3_P9,PC
710,Brain.Mural3_I5,PC
711,Brain.Mural4_F18,PC
712,Brain.Mural5_P12,PC
713,Brain.Mural4_E11,PC
714,Brain.Mural3_N19,PC
715,Brain.Mural5_F4,PC
716,Brain.Mural3_E20,PC
717,Brain.Mural6_N13,PC
718,Brain.Mural3_P4,PC
719,Brain.Mural4_E23,PC
720,Brain.Mural5_N5,PC
721,Brain.Mural4_C6,PC
722,Brain.Mural3_F24,PC
723,Brain.Mural4_H16,PC
724,Brain.Mural5_J3,PC
725,Brain.Mural4_L16,PC
726,Brain.Mural4_D17,PC
727,Brain.Mural6_J4,PC
728,Brain.Mural6_M13,PC
729,Brain.Mural6_O5,PC
730,Brain.Mural5_O5,PC
731,Brain.Mural4_M2,PC
732,Brain.Mural5_G17,PC
733,Brain.Mural3_H4,PC
734,Brain.Mural3_B2,PC
735,Brain.Mural3_I7,PC
736,Brain.Mural4_E22,PC
737,Brain.Mural3_J12,PC
738,Brain.Mural3_M19,PC
739,Brain.Mural4_F12,PC
740,Brain.Mural4_D14,PC
741,Brain.Mural4_D6,PC
742,Brain.Mural4_M15,PC
743,Brain.Mural5_L21,PC
744,Brain.Mural6_A3,PC
745,Brain.Mural3_C9,PC
746,Brain.Mural6_J24,PC
747,Brain.Mural3_L8,PC
748,Brain.Mural3_K11,PC
749,Brain.Mural5_O9,PC
750,Brain.Mural5_E10,PC
751,Brain.Mural4_A3,PC
752,Brain.Mural4_E14,PC
753,Brain.Mural3_P14,PC
754,Brain.Mural3_N1,PC
755,Brain.Mural6_P21,PC
756,Brain.Mural3_D11,PC
757,Brain.Mural3_E9,PC
758,Brain.Mural4_L18,PC
759,Brain.Mural6_J7,PC
760,Brain.Mural5_M18,PC
761,Brain.Mural5_P22,PC
762,Brain.Mural3_A20,PC
763,Brain.Mural6_C12,PC
764,Brain.Mural4_G15,PC
765,Brain.Mural4_N9,PC
766,Brain.Mural5_A9,PC
767,Brain.Mural5_J15,PC
768,Brain.Mural4_I18,PC
769,Brain.Mural4_O2,PC
770,Brain.Mural4_G2,PC
771,Brain.Mural6_M1,PC
772,Brain.Mural3_L3,PC
773,Brain.Mural4_B20,PC
774,Brain.Mural5_P6,PC
775,Brain.Mural3_B1,PC
776,Brain.Mural5_N20,PC
777,Brain.Mural4_G9,PC
778,Brain.Mural3_C11,PC
779,Brain.Mural6_O21,PC
780,Brain.Mural3_L22,PC
781,Brain.Mural4_K14,PC
782,Brain.Mural6_A4,PC
783,Brain.Mural5_F1,PC
784,Brain.Mural6_A5,PC
785,Brain.Mural6_B2,PC
786,Brain.Mural6_A22,PC
787,Brain.Mural5_O23,PC
788,Brain.Mural5_C23,PC
789,Brain.Mural6_A1,PC
790,Brain.Mural3_B24,PC
791,Brain.Mural5_L16,PC
792,Brain.Mural3_K13,PC
793,Brain.Mural3_F19,PC
794,Brain.Mural4_B19,PC
795,Brain.Mural3_D13,PC
796,Brain.Mural3_B23,PC
797,Brain.Mural5_J2,PC
798,Brain.Mural6_F24,PC
799,Brain.Mural6_C1,PC
800,Brain.Mural6_N15,PC
801,Brain.Mural4_B7,PC
802,Brain.Mural4_P6,PC
803,Brain.Mural6_O2,PC
804,Brain.Mural6_G24,PC
805,Brain.Mural4_J5,PC
806,Brain.Mural3_C4,PC
807,Brain.Mural6_L16,PC
808,Brain.Mural5_H2,PC
809,Brain.Mural3_J5,PC
810,Brain.Mural3_B5,PC
811,Brain.Mural4_C20,PC
812,Brain.Mural5_H15,PC
813,Brain.Mural4_H24,PC
814,Brain.Mural4_H17,PC
815,Brain.Mural5_G11,PC
816,Brain.Mural5_P17,PC
817,Brain.Mural4_K22,PC
818,Brain.Mural4_P17,PC
819,Brain.Mural3_J4,PC
820,Brain.Mural4_L5,PC
821,Brain.Mural3_I20,PC
822,Brain.Mural4_I7,PC
823,Brain.Mural4_H1,PC
824,Brain.Mural3_B15,PC
825,Brain.Mural3_M12,PC
826,Brain.Mural5_A2,PC
827,Brain.Mural6_B21,PC
828,Brain.Mural6_P17,PC
829,Brain.Mural4_J14,PC
830,Brain.Mural3_O16,PC
831,Brain.Mural5_J9,PC
832,Brain.Mural6_E3,PC
833,Brain.Mural5_K19,PC
834,Brain.Mural5_F22,PC
835,Brain.Mural4_C19,PC
836,Brain.Mural3_N18,PC
837,Brain.Mural3_M1,PC
838,Brain.Mural5_A18,PC
839,Brain.Mural3_J22,PC
840,Brain.Mural5_N21,PC
841,Brain.Mural5_H9,PC
842,Brain.Mural5_B11,PC
843,Brain.Mural3_B14,PC
844,Brain.Mural5_C1,PC
845,Brain.Mural5_O24,PC
846,Brain.Mural4_L15,PC
847,Brain.Mural3_F1,PC
848,Brain.Mural5_C12,PC
849,Brain.Mural3_G6,PC
850,Brain.Mural5_A23,PC
851,Brain.Mural4_H15,PC
852,Brain.Mural5_N8,PC
853,Brain.Mural5_A5,PC
854,Brain.Mural5_L13,PC
855,Brain.Mural4_H22,PC
856,Brain.Mural5_K16,PC
857,Brain.Mural4_N19,PC
858,Brain.Mural3_C20,PC
859,Brain.Mural6_N2,PC
860,Brain.Mural4_G11,PC
861,Brain.Mural3_H17,PC
862,Brain.Mural4_I8,PC
863,Brain.Mural4_C9,PC
864,Brain.Mural3_G3,PC
865,Brain.Mural3_M13,PC
866,Brain.Mural4_O16,PC
867,Brain.Mural5_K7,PC
868,Brain.Mural6_G13,PC
869,Brain.Mural3_L19,PC
870,Brain.Mural5_F17,PC
871,Brain.Mural5_P15,PC
872,Brain.Mural3_O11,PC
873,Brain.Mural4_N8,PC
874,Brain.Mural4_L20,PC
875,Brain.Mural5_D7,PC
876,Brain.Mural4_G20,PC
877,Brain.Mural4_P2,PC
878,Brain.Mural5_L1,PC
879,Brain.Mural3_H21,PC
880,Brain.Mural6_O16,PC
881,Brain.Mural6_A21,PC
882,Brain.Mural3_G24,PC
883,Brain.Mural6_L17,PC
884,Brain.Mural4_H14,PC
885,Brain.Mural6_G16,PC
886,Brain.Mural3_G7,PC
887,Brain.Mural3_H5,PC
888,Brain.Mural4_L19,PC
889,Brain.Mural6_P3,PC
890,Brain.Mural6_E4,PC
891,Brain.Mural6_N1,PC
892,Brain.Mural6_O20,PC
893,Brain.Mural3_L2,PC
894,Brain.Mural6_B1,PC
895,Brain.Mural5_K17,PC
896,Brain.Mural6_H9,PC
897,Brain.Mural6_J23,PC
898,Brain.Mural6_O13,PC
899,Brain.Mural3_G8,PC
900,Brain.Mural5_O3,PC
901,Brain.Mural3_O15,PC
902,Brain.Mural3_M3,PC
903,Brain.Mural4_K19,PC
904,Brain.Mural4_K18,PC
905,Brain.Mural3_L9,PC
906,Brain.Mural6_M17,PC
907,Brain.Mural3_C19,PC
908,Brain.Mural6_F21,PC
909,Brain.Mural6_M2,PC
910,Brain.Mural6_E9,PC
911,Brain.Mural5_K22,PC
912,Brain.Mural4_C4,PC
913,Brain.Mural4_B16,PC
914,Brain.Mural4_H12,PC
915,Brain.Mural6_I19,PC
916,Brain.Mural4_F2,PC
917,Brain.Mural3_B17,PC
918,Brain.Mural4_C3,PC
919,Brain.Mural3_C5,PC
920,Brain.Mural4_C14,PC
921,Brain.Mural5_F14,PC
922,Brain.Mural4_I9,PC
923,Brain.Mural4_G3,PC
924,Brain.Mural3_C18,PC
925,Brain.Mural3_M11,PC
926,Brain.Mural5_H8,PC
927,Brain.Mural5_A12,PC
928,Brain.Mural6_E21,PC
929,Brain.Mural3_D5,PC
930,Brain.Mural5_A1,PC
931,Brain.Mural3_A16,PC
932,Brain.Mural3_F14,PC
933,Brain.Mural3_N16,PC
934,Brain.Mural3_B8,PC
935,Brain.Mural4_P1,PC
936,Brain.Mural5_K9,PC
937,Brain.Mural6_G14,PC
938,Brain.Mural4_M4,PC
939,Brain.Mural6_I9,PC
940,Brain.Mural6_A23,PC
941,Brain.Mural5_D5,PC
942,Brain.Mural4_N20,PC
943,Brain.Mural5_B20,PC
944,Brain.Mural5_F18,PC
945,Brain.Mural6_J20,PC
946,Brain.Mural3_D2,PC
947,Brain.Mural3_K15,PC
948,Brain.Mural4_K4,PC
949,Brain.Mural3_A23,PC
950,Brain.Mural3_B16,PC
951,Brain.Mural6_K13,PC
952,Brain.Mural4_I12,PC
953,Brain.Mural5_L2,PC
954,Brain.Mural4_A14,PC
955,Brain.Mural6_D18,PC
956,Brain.Mural5_K3,PC
957,Brain.Mural4_K6,PC
958,Brain.Mural5_O6,PC
959,Brain.Mural3_I2,PC
960,Brain.Mural3_L16,PC
961,Brain.Mural4_O15,PC
962,Brain.Mural6_O22,PC
963,Brain.Mural3_E3,PC
964,Brain.Mural6_F10,PC
965,Brain.Mural5_N12,PC
966,Brain.Mural4_H18,PC
967,Brain.Mural5_H11,PC
968,Brain.Mural3_A15,PC
969,Brain.Mural5_M11,PC
970,Brain.Mural3_D12,PC
971,Brain.Mural4_F24,PC
972,Brain.Mural3_I3,PC
973,Brain.Mural6_A9,PC
974,Brain.Mural5_I11,PC
975,Brain.Mural4_J13,PC
976,Brain.Mural4_J2,PC
977,Brain.Mural4_E15,PC
978,Brain.Mural3_N5,PC
979,Brain.Mural6_I4,PC
980,Brain.Mural3_L21,PC
981,Brain.Mural5_N2,PC
982,Brain.Mural4_H3,PC
983,Brain.Mural3_F3,PC
984,Brain.Mural3_I24,PC
985,Brain.Mural6_M18,PC
986,Brain.Mural6_K12,PC
987,Brain.Mural3_D4,PC
988,Brain.Mural5_B16,PC
989,Brain.Mural6_I23,PC
990,Brain.Mural4_I11,PC
991,Brain.Mural5_F15,PC
992,Brain.Mural6_J18,PC
993,Brain.Mural4_B9,PC
994,Brain.Mural3_H11,PC
995,Brain.Mural6_D19,PC
996,Brain.Mural3_E10,PC
997,Brain.Mural3_O6,PC
998,Brain.Mural4_N10,PC
999,Brain.Mural5_E9,PC
1000,Brain.Mural3_N23,PC
1001,Brain.Mural5_C8,PC
1002,Brain.Mural3_L12,PC
1003,Brain.Mural6_L1,PC
1004,Brain.Mural6_B11,PC
1005,Brain.Mural3_O22,PC
1006,Brain.Mural6_F13,PC
1007,Brain.Mural4_F16,PC
1008,Brain.Mural6_C15,PC
1009,Brain.Mural6_C10,PC
1010,Brain.Mural4_K13,PC
1011,Brain.Mural3_H3,PC
1012,Brain.Mural6_P19,PC
1013,Brain.Mural3_L23,PC
1014,Brain.Mural4_E1,PC
1015,Brain.Mural3_H8,PC
1016,Brain.Mural6_D1,PC
1017,Brain.Mural4_M9,PC
1018,Brain.Mural6_I7,PC
1019,Brain.Mural6_K14,PC
1020,Brain.Mural3_C16,PC
1021,Brain.Mural5_A7,PC
1022,Brain.Mural4_A15,PC
1023,Brain.Mural6_D2,PC
1024,Brain.Mural4_A17,PC
1025,Brain.Mural5_N14,PC
1026,Brain.Mural5_O15,PC
1027,Brain.Mural6_G6,PC
1028,Brain.Mural6_D20,PC
1029,Brain.Mural3_A10,PC
1030,Brain.Mural4_D13,PC
1031,Brain.Mural6_E24,PC
1032,Brain.Mural4_I14,PC
1033,Brain.Mural3_C12,PC
1034,Brain.Mural5_H10,PC
1035,Brain.Mural5_G1,PC
1036,Brain.Mural5_G8,PC
1037,Brain.Mural6_N10,PC
1038,Brain.Mural4_I21,PC
1039,Brain.Mural3_N14,PC
1040,Brain.Mural5_N13,PC
1041,Brain.Mural3_K18,PC
1042,Brain.Mural3_G1,PC
1043,Brain.Mural6_G23,PC
1044,Brain.Mural5_C5,PC
1045,Brain.Mural5_I18,PC
1046,Brain.Mural5_P21,PC
1047,Brain.Mural5_K18,PC
1048,Brain.Mural4_G19,PC
1049,Brain.Mural4_K11,PC
1050,Brain.Mural4_F14,PC
1051,Brain.Mural4_B18,PC
1052,Brain.Mural3_J15,PC
1053,Brain.Mural5_P9,PC
1054,Brain.Mural3_N13,PC
1055,Brain.Mural4_G7,PC
1056,Brain.Mural3_N8,PC
1057,Brain.Mural6_C3,PC
1058,Brain.Mural3_K1,PC
1059,Brain.Mural3_J11,PC
1060,Brain.Mural4_P14,PC
1061,Brain.Mural4_J10,PC
1062,Brain.Mural3_I12,PC
1063,Brain.Mural4_D12,PC
1064,Brain.Mural3_A9,PC
1065,Brain.Mural4_J23,PC
1066,Brain.Mural4_E24,PC
1067,Brain.Mural6_O3,PC
1068,Brain.Mural6_N5,PC
1069,Brain.Mural4_O10,PC
1070,Brain.Mural6_B17,PC
1071,Brain.Mural5_C2,PC
1072,Brain.Mural6_E17,PC
1073,Brain.Mural4_P16,PC
1074,Brain.Mural3_P16,PC
1075,Brain.Mural4_P9,PC
1076,Brain.Mural3_O9,PC
1077,Brain.Mural4_G13,PC
1078,Brain.Mural3_B4,PC
1079,Brain.Mural4_E3,PC
1080,Brain.Mural6_J15,PC
1081,Brain.Mural4_E10,PC
1082,Brain.Mural6_O24,PC
1083,Brain.Mural3_P24,PC
1084,Brain.Mural5_F5,PC
1085,Brain.Mural4_I19,PC
1086,Brain.Mural5_G21,PC
1087,Brain.Mural3_C10,PC
1088,Brain.Mural5_A8,PC
1089,Brain.Mural4_E8,vSMC
1090,Brain.Mural5_L10,vSMC
1091,Brain.Mural3_I4,vSMC
1092,Brain.Mural6_B10,vSMC
1093,Brain.Mural3_E8,vSMC
1094,Brain.Mural6_G21,vSMC
1095,Brain.Mural3_F7,vSMC
1096,Brain.Mural6_D21,vSMC
1097,Brain.Mural4_B22,vSMC
1098,Brain.Mural4_G16,vSMC
1099,Brain.Mural3_L6,vSMC
1100,Brain.Mural3_E2,vSMC
1101,Brain.Mural5_B9,vSMC
1102,Brain.Mural4_H23,vSMC
1103,Brain.Mural3_A22,vSMC
1104,Brain.Mural4_D15,vSMC
1105,Brain.Mural6_C20,vSMC
1106,Brain.Mural3_O8,vSMC
1107,Brain.Mural3_L5,vSMC
1108,Brain.Mural3_E18,vSMC
1109,Brain.Mural3_G9,vSMC
1110,Brain.Mural3_M10,vSMC
1111,Brain.Mural5_D3,vSMC
1112,Brain.Mural3_A14,vSMC
1113,Brain.Mural5_C4,vSMC
1114,Brain.Mural3_J6,vSMC
1115,Brain.Mural4_G4,vSMC
1116,Brain.Mural3_I13,vSMC
1117,Brain.Mural6_G3,vSMC
1118,Brain.Mural4_M21,vSMC
1119,Brain.Mural4_E7,vSMC
1120,Brain.Mural3_L1,vSMC
1121,Brain.Mural4_F17,vSMC
1122,Brain.Mural5_A6,vSMC
1123,Brain.Mural6_A15,vSMC
1124,Brain.Mural4_J16,vSMC
1125,Brain.Mural4_M8,vSMC
1126,Brain.Mural3_H10,vSMC
1127,Brain.Mural5_J12,vSMC
1128,Brain.Mural6_K16,vSMC
1129,Brain.Mural5_G6,vSMC
1130,Brain.Mural5_I13,vSMC
1131,Brain.Mural5_D24,vSMC
1132,Brain.Mural3_L14,vSMC
1133,Brain.Mural4_P13,vSMC
1134,Brain.Mural3_O17,vSMC
1135,Brain.Mural5_G3,vSMC
1136,Brain.Mural4_N15,vSMC
1137,Brain.Mural3_M7,vSMC
1138,Brain.Mural5_K23,vSMC
1139,Brain.Mural5_J22,vSMC
1140,Brain.Mural4_G18,vSMC
1141,Brain.Mural3_J18,vSMC
1142,Brain.Mural3_O20,vSMC
1143,Brain.Mural3_D1,vSMC
1144,Brain.Mural5_I23,vSMC
1145,Brain.Mural3_J23,vSMC
1146,Brain.Mural4_K5,vSMC
1147,Brain.Mural5_B12,vSMC
1148,Brain.Mural3_D6,vSMC
1149,Brain.Mural4_P8,vSMC
1150,Brain.Mural5_L6,vSMC
1151,Brain.Mural6_D3,vSMC
1152,Brain.Mural6_L9,vSMC
1153,Brain.Mural6_A14,vSMC
1154,Brain.Mural3_D16,vSMC
1155,Brain.Mural6_D10,vSMC
1156,Brain.Mural4_N16,vSMC
1157,Brain.Mural4_C13,vSMC
1158,Brain.Mural6_L4,vSMC
1159,Brain.Mural6_G15,vSMC
1160,Brain.Mural4_J12,vSMC
1161,Brain.Mural5_D11,vSMC
1162,Brain.Mural4_P23,vSMC
1163,Brain.Mural3_G15,vSMC
1164,Brain.Mural3_G21,vSMC
1165,Brain.Mural3_F5,vSMC
1166,Brain.Mural4_M24,vSMC
1167,Brain.Mural6_I24,vSMC
1168,Brain.Mural5_D21,vSMC
1169,Brain.Mural6_M9,vSMC
1170,Brain.Mural3_D18,vSMC
1171,Brain.Mural4_E18,vSMC
1172,Brain.Mural6_D15,vSMC
1173,Brain.Mural5_E17,vSMC
1174,Brain.Mural5_F8,vSMC
1175,Brain.Mural5_A22,vSMC
1176,Brain.Mural5_H18,vSMC
1177,Brain.Mural5_D8,vSMC
1178,Brain.Mural5_O22,vSMC
1179,Brain.Mural5_H14,vSMC
1180,Brain.Mural5_J19,vSMC
1181,Brain.Mural6_P4,vSMC
1182,Brain.Mural4_O24,vSMC
1183,Brain.Mural6_P18,vSMC
1184,Brain.Mural5_N24,vSMC
1185,Brain.Mural3_M22,vSMC
1186,Brain.Mural4_M16,vSMC
1187,Brain.Mural5_N6,vSMC
1188,Brain.Mural4_D20,vSMC
1189,Brain.Mural4_M13,vSMC
1190,Brain.Mural4_D24,vSMC
1191,Brain.Mural4_F20,vSMC
1192,Brain.Mural6_A16,vSMC
1193,Brain.Mural6_I15,vSMC
1194,Brain.Mural5_P16,vSMC
1195,Brain.Mural6_H1,vSMC
1196,Brain.Mural4_L23,aaSMC
1197,Brain.Mural6_K18,aaSMC
1198,Brain.Mural5_O16,aaSMC
1199,Brain.Mural4_C12,aaSMC
1200,Brain.Mural5_J5,aaSMC
1201,Brain.Mural3_F16,aaSMC
1202,Brain.Mural6_L20,aaSMC
1203,Brain.Mural5_C24,aaSMC
1204,Brain.Mural5_H1,aaSMC
1205,Brain.Mural4_I5,aaSMC
1206,Brain.Mural3_K4,aaSMC
1207,Brain.Mural6_F9,aaSMC
1208,Brain.Mural5_K4,aaSMC
1209,Brain.Mural4_J1,aaSMC
1210,Brain.Mural5_E19,aaSMC
1211,Brain.Mural4_J4,aaSMC
1212,Brain.Mural6_H15,aaSMC
1213,Brain.Mural4_L21,aaSMC
1214,Brain.Mural4_J17,aaSMC
1215,Brain.Mural6_G12,aaSMC
1216,Brain.Mural6_O12,aaSMC
1217,Brain.Mural4_H8,aaSMC
1218,Brain.Mural5_C14,aaSMC
1219,Brain.Mural4_F3,aaSMC
1220,Brain.Mural4_K8,aaSMC
1221,Brain.Mural5_E21,aaSMC
1222,Brain.Mural3_H14,aaSMC
1223,Brain.Mural6_D24,aaSMC
1224,Brain.Mural5_P23,aaSMC
1225,Brain.Mural5_C18,aaSMC
1226,Brain.Mural5_O4,aaSMC
1227,Brain.Mural6_E13,aaSMC
1228,Brain.Mural5_B24,aaSMC
1229,Brain.Mural3_I15,aaSMC
1230,Brain.Mural3_C21,aaSMC
1231,Brain.Mural4_P4,aaSMC
1232,Brain.Mural5_O10,aaSMC
1233,Brain.Mural3_N15,aaSMC
1234,Brain.Mural4_O12,aaSMC
1235,Brain.Mural6_D11,aaSMC
1236,Brain.Mural4_A21,aaSMC
1237,Brain.Mural5_B1,aaSMC
1238,Brain.Mural4_N1,aaSMC
1239,Brain.Mural5_N15,aaSMC
1240,Brain.Mural5_K20,aaSMC
1241,Brain.Mural3_G11,aaSMC
1242,Brain.Mural5_F2,aaSMC
1243,Brain.Mural3_B21,aaSMC
1244,Brain.Mural3_L17,aaSMC
1245,Brain.Mural4_K20,aaSMC
1246,Brain.Mural4_G1,aaSMC
1247,Brain.Mural4_D21,aaSMC
1248,Brain.Mural4_M7,aaSMC
1249,Brain.Mural6_P22,aaSMC
1250,Brain.Mural5_E8,aaSMC
1251,Brain.Mural6_A10,aaSMC
1252,Brain.Mural4_J20,aaSMC
1253,Brain.Mural3_G22,aaSMC
1254,Brain.Mural6_B9,aaSMC
1255,Brain.Mural3_C14,aaSMC
1256,Brain.Mural3_O7,aSMC
1257,Brain.Mural3_L20,aSMC
1258,Brain.Mural5_M21,aSMC
1259,Brain.Mural3_F2,aSMC
1260,Brain.Mural3_P1,aSMC
1261,Brain.Mural6_A24,aSMC
1262,Brain.Mural3_O18,aSMC
1263,Brain.Mural5_C3,aSMC
1264,Brain.Mural3_J20,aSMC
1265,Brain.Mural3_N6,aSMC
1266,Brain.Mural4_I16,aSMC
1267,Brain.Mural4_D11,aSMC
1268,Brain.Mural5_G9,aSMC
1269,Brain.Mural6_H7,aSMC
1270,Brain.Mural5_E14,aSMC
1271,Brain.Mural3_E15,aSMC
1272,Brain.Mural3_K9,aSMC
1273,Brain.Mural3_H20,aSMC
1274,Brain.Mural3_I10,aSMC
1275,Brain.Mural4_L14,aSMC
1276,Brain.Mural6_L2,aSMC
1277,Brain.Mural4_G22,aSMC
1278,Brain.Mural5_P10,aSMC
1279,Brain.Mural6_G1,aSMC
1280,Brain.Mural6_O6,aSMC
1281,Brain.Mural3_D21,aSMC
1282,Brain.Mural5_D22,aSMC
1283,Brain.Mural5_M19,aSMC
1284,Brain.Mural3_M18,aSMC
1285,Brain.Mural4_J11,aSMC
1286,Brain.Mural5_M8,aSMC
1287,Brain.Mural6_M5,aSMC
1288,Brain.Mural5_F21,aSMC
1289,Brain.Mural6_G4,aSMC
1290,Brain.Mural5_H4,aSMC
1291,Brain.Mural3_F23,aSMC
1292,Brain.Mural4_L3,aSMC
1293,Brain.Mural4_E17,aSMC
1294,Brain.Mural3_I9,aSMC
1295,Brain.Mural4_B11,aSMC
1296,Brain.Mural5_O13,aSMC
1297,Brain.Mural3_O14,aSMC
1298,Brain.Mural6_H16,aSMC
1299,Brain.Mural6_J12,aSMC
1300,Brain.Mural5_I16,aSMC
1301,Brain.Mural5_A3,aSMC
1302,Brain.Mural3_H9,aSMC
1303,Brain.Mural5_A17,aSMC
1304,Brain.Mural6_A13,aSMC
1305,Brain.Mural3_G16,aSMC
1306,Brain.Mural4_M6,aSMC
1307,Brain.Mural4_G17,aSMC
1308,Brain.Mural6_P10,aSMC
1309,Brain.Mural4_B6,aSMC
1310,Brain.Mural3_H2,aSMC
1311,Brain.Mural4_K1,aSMC
1312,Brain.Mural6_M12,aSMC
1313,Brain.Mural3_F20,aSMC
1314,Brain.Mural5_F12,aSMC
1315,Brain.Mural4_M3,aSMC
1316,Brain.Mural4_P22,aSMC
1317,Brain.Mural6_J11,aSMC
1318,Brain.Mural6_G19,aSMC
1319,Brain.Mural3_K3,aSMC
1320,Brain.Mural5_N4,aSMC
1321,Brain.Mural6_F14,aSMC
1322,Brain.Mural6_L15,aSMC
1323,Brain.Mural4_O17,aSMC
1324,Brain.Mural4_A22,aSMC
1325,Brain.Mural4_J18,aSMC
1326,Brain.Mural3_J8,aSMC
1327,Brain.Mural6_J8,aSMC
1328,Brain.Mural5_E22,aSMC
1329,Brain.Mural5_I19,aSMC
1330,Brain.Mural6_I14,aSMC
1331,Brain.Mural4_L17,aSMC
1332,Brain.Mural4_M14,aSMC
1333,Brain.Mural3_K10,aSMC
1334,Brain.Mural5_J14,aSMC
1335,Brain.Mural6_M19,aSMC
1336,Brain.Mural6_B18,aSMC
1337,Brain.Mural4_O18,aSMC
1338,Brain.Mural6_B16,aSMC
1339,Brain.Mural5_B15,aSMC
1340,Brain.Mural3_P2,aSMC
1341,Brain.Mural6_E1,aSMC
1342,Brain.Mural5_M15,aSMC
1343,Brain.Mural4_I23,aSMC
1344,Brain.Mural6_L19,aSMC
1345,Brain.Mural6_C11,aSMC
1346,Brain.Mural6_N16,aSMC
1347,Brain.Mural4_B12,aSMC
1348,Brain.Mural4_D18,aSMC
1349,Brain.Mural5_O12,aSMC
1350,Brain.Mural3_B9,aSMC
1351,Brain.Mural6_K20,aSMC
1352,Brain.Mural6_F11,aSMC
1353,Brain.Mural6_O14,aSMC
1354,Brain.Mural5_P24,aSMC
1355,Brain.Mural5_A20,aSMC
1356,Brain.Mural3_L15,aSMC
1357,Brain.Mural3_D22,aSMC
1358,Brain.Mural3_J7,aSMC
1359,Brain.Mural3_K12,aSMC
1360,Brain.Mural6_O8,aSMC
1361,Brain.Mural5_A10,aSMC
1362,Brain.Mural6_C5,aSMC
1363,Brain.Mural4_L2,aSMC
1364,Brain.Mural6_B14,aSMC
1365,Brain.Mural3_L24,aSMC
1366,Brain.Mural4_B10,aSMC
1367,Brain.Mural3_K5,aSMC
1368,Brain.Mural3_A8,aSMC
1369,Brain.Mural4_J7,aSMC
1370,Brain.Mural3_D3,aSMC
1371,Brain.Mural6_M3,aSMC
1372,Brain.Mural6_P8,aSMC
1373,Brain.Mural6_I11,aSMC
1374,Brain.Mural4_I3,aSMC
1375,Brain.Mural5_K11,aSMC
1376,Brain.Mural5_I3,aSMC
1377,Brain.Mural3_B3,aSMC
1378,Brain.Mural5_B5,aSMC
1379,Brain.Mural6_M20,aSMC
1380,Brain.Mural3_N12,aSMC
1381,Brain.Mural4_A24,aSMC
1382,Brain.Mural5_K2,aSMC
1383,Brain.Mural6_M11,aSMC
1384,Brain.Mural5_K21,aSMC
1385,Brain.Mural4_E16,aSMC
1386,Brain.Mural3_M16,MG
1387,Brain.Mural3_P17,MG
1388,Brain.Pdgfra1_A17,MG
1389,Brain.EC5_H4,MG
1390,Brain.Pdgfra1_E14,MG
1391,Brain.Pdgfra1_D1,MG
1392,Brain.Pdgfra1_D16,MG
1393,Brain.Pdgfra1_B2,MG
1394,Brain.Pdgfra1_B10,MG
1395,Brain.Pdgfra2_J9,MG
1396,Brain.Pdgfra1_A13,MG
1397,Brain.Pdgfra2_F2,MG
1398,Brain.Pdgfra2_H3,MG
1399,Brain.Pdgfra1_E20,MG
1400,Brain.Pdgfra1_B4,FB1
1401,Brain.Pdgfra1_B9,FB1
1402,Brain.Pdgfra2_O20,FB1
1403,Brain.Pdgfra1_D18,FB1
1404,Brain.Pdgfra1_B7,FB1
1405,Brain.Pdgfra1_A6,FB1
1406,Brain.Pdgfra1_D22,FB1
1407,Brain.Pdgfra1_A23,FB1
1408,Brain.Pdgfra1_B3,FB1
1409,Brain.Pdgfra1_C21,FB1
1410,Brain.Pdgfra1_C3,FB1
1411,Brain.Pdgfra1_E24,FB1
1412,Brain.Pdgfra1_C7,FB1
1413,Brain.Pdgfra2_K16,FB1
1414,Brain.Pdgfra1_E12,FB1
1415,Brain.Pdgfra2_C14,FB1
1416,Brain.Pdgfra1_D13,FB1
1417,Brain.Pdgfra2_K12,FB1
1418,Brain.Pdgfra2_O10,FB1
1419,Brain.Pdgfra2_G20,FB1
1420,Brain.Pdgfra2_I15,FB1
1421,Brain.Pdgfra2_M11,FB1
1422,Brain.Pdgfra1_D17,FB1
1423,Brain.Pdgfra2_J3,FB1
1424,Brain.Pdgfra1_C23,FB1
1425,Brain.Pdgfra1_B17,FB1
1426,Brain.Pdgfra2_A17,FB1
1427,Brain.Pdgfra2_A1,FB1
1428,Brain.Pdgfra2_L22,FB1
1429,Brain.Pdgfra2_O23,FB1
1430,Brain.Pdgfra2_J11,FB1
1431,Brain.Pdgfra1_B13,FB1
1432,Brain.Pdgfra1_F23,FB1
1433,Brain.Pdgfra1_B15,FB1
1434,Brain.Pdgfra2_C23,FB1
1435,Brain.Pdgfra2_G24,FB1
1436,Brain.Pdgfra2_O18,FB1
1437,Brain.Pdgfra1_D5,FB2
1438,Brain.Pdgfra1_A22,FB2
1439,Brain.Pdgfra1_B14,FB2
1440,Brain.Pdgfra1_C11,FB2
1441,Brain.Pdgfra1_C16,FB2
1442,Brain.Pdgfra1_C20,FB2
1443,Brain.Pdgfra1_E16,FB2
1444,Brain.Pdgfra1_A3,FB2
1445,Brain.Pdgfra1_B8,FB2
1446,Brain.Pdgfra2_C19,FB2
1447,Brain.Pdgfra2_H19,FB2
1448,Brain.Pdgfra2_P4,FB2
1449,Brain.Pdgfra2_A2,FB2
1450,Brain.Pdgfra2_M2,FB2
1451,Brain.Pdgfra2_H16,FB2
1452,Brain.Pdgfra2_N12,FB2
1453,Brain.Pdgfra2_I24,FB2
1454,Brain.Pdgfra2_G3,FB2
1455,Brain.Pdgfra1_E22,FB2
1456,Brain.Pdgfra1_A12,FB2
1457,Brain.Pdgfra1_D15,FB2
1458,Brain.Pdgfra1_A2,FB2
1459,Brain.Pdgfra1_C1,FB2
1460,Brain.Pdgfra1_F21,FB2
1461,Brain.Pdgfra1_D12,FB2
1462,Brain.Pdgfra1_C5,FB2
1463,Brain.Pdgfra1_A4,FB2
1464,Brain.Pdgfra1_E3,FB2
1465,Brain.Pdgfra1_B18,FB2
1466,Brain.Pdgfra1_B23,FB2
1467,Brain.Pdgfra1_D11,FB2
1468,Brain.Pdgfra1_E10,FB2
1469,Brain.Pdgfra1_D7,FB2
1470,Brain.Pdgfra1_B19,FB2
1471,Brain.Pdgfra1_D8,FB2
1472,Brain.Pdgfra1_D6,FB2
1473,Brain.Pdgfra1_A7,FB2
1474,Brain.Pdgfra1_B5,FB2
1475,Brain.Pdgfra1_F18,FB2
1476,Brain.Pdgfra1_E11,FB2
1477,Brain.Pdgfra1_D20,FB2
1478,Brain.Pdgfra1_B24,FB2
1479,Brain.Pdgfra1_C13,FB2
1480,Brain.Pdgfra1_C15,FB2
1481,Brain.Pdgfra1_C12,FB2
1482,Brain.Pdgfra1_E21,FB2
1483,Brain.Pdgfra1_A24,FB2
1484,Brain.Pdgfra2_M6,FB2
1485,Brain.Pdgfra2_G22,FB2
1486,Brain.Pdgfra2_D4,OL
1487,Brain.Pdgfra1_A10,OL
1488,Brain.Pdgfra1_C18,OL
1489,Brain.Pdgfra1_C17,OL
1490,Brain.Pdgfra1_A11,OL
1491,Brain.Pdgfra1_F15,OL
1492,Brain.Pdgfra2_B2,OL
1493,Brain.Pdgfra2_L24,OL
1494,Brain.Pdgfra1_A1,OL
1495,Brain.Pdgfra1_C4,OL
1496,Brain.Pdgfra1_E9,OL
1497,Brain.Pdgfra2_J6,OL
1498,Brain.Pdgfra1_F19,OL
1499,Brain.Pdgfra2_N8,OL
1500,Brain.Pdgfra2_J7,OL
1501,Brain.Pdgfra1_E18,OL
1502,Brain.Pdgfra2_O16,OL
1503,Brain.Pdgfra2_I22,OL
1504,Brain.Pdgfra2_L3,OL
1505,Brain.Pdgfra2_L10,OL
1506,Brain.Pdgfra2_M22,OL
1507,Brain.Pdgfra2_C9,OL
1508,Brain.Pdgfra2_P15,OL
1509,Brain.Pdgfra1_C8,OL
1510,Brain.Pdgfra1_A18,OL
1511,Brain.Pdgfra2_K20,OL
1512,Brain.Pdgfra2_C4,OL
1513,Brain.Pdgfra2_B13,OL
1514,Brain.Pdgfra1_B1,OL
1515,Brain.Pdgfra2_N21,OL
1516,Brain.Pdgfra2_N4,OL
1517,Brain.Pdgfra2_H24,OL
1518,Brain.Pdgfra2_K10,OL
1519,Brain.Pdgfra2_C15,OL
1520,Brain.Pdgfra1_E15,OL
1521,Brain.Pdgfra2_M20,OL
1522,Brain.Pdgfra2_I7,OL
1523,Brain.Pdgfra2_P14,OL
1524,Brain.Pdgfra2_L19,OL
1525,Brain.Pdgfra2_E18,OL
1526,Brain.Pdgfra1_E13,OL
1527,Brain.Pdgfra2_O5,OL
1528,Brain.Pdgfra1_A9,OL
1529,Brain.Pdgfra1_E6,OL
1530,Brain.Pdgfra2_B16,OL
1531,Brain.Pdgfra2_C18,OL
1532,Brain.Pdgfra2_H10,OL
1533,Brain.Pdgfra2_L16,OL
1534,Brain.Pdgfra2_O3,OL
1535,Brain.Pdgfra2_L8,OL
1536,Brain.Pdgfra2_P24,OL
1537,Brain.Pdgfra1_D14,OL
1538,Brain.Pdgfra2_D9,OL
1539,Brain.Pdgfra1_C2,OL
1540,Brain.Pdgfra2_N22,OL
1541,Brain.Pdgfra2_J20,OL
1542,Brain.Pdgfra2_A22,OL
1543,Brain.Pdgfra2_D12,OL
1544,Brain.Pdgfra2_P7,OL
1545,Brain.Pdgfra2_P17,OL
1546,Brain.Pdgfra2_P13,OL
1547,Brain.Pdgfra1_E17,OL
1548,Brain.Pdgfra1_F22,OL
1549,Brain.Pdgfra1_B6,OL
1550,Brain.Pdgfra2_J10,OL
1551,Brain.Pdgfra2_C20,OL
1552,Brain.Pdgfra2_B7,OL
1553,Brain.Pdgfra2_D10,OL
1554,Brain.Pdgfra2_F21,OL
1555,Brain.Pdgfra2_J5,OL
1556,Brain.Pdgfra2_E21,OL
1557,Brain.Pdgfra2_N5,OL
1558,Brain.Pdgfra2_M10,OL
1559,Brain.Pdgfra2_F8,OL
1560,Brain.Pdgfra2_K22,OL
1561,Brain.Pdgfra1_E7,OL
1562,Brain.Pdgfra2_H1,OL
1563,Brain.Pdgfra1_A16,OL
1564,Brain.Pdgfra2_P1,OL
1565,Brain.Pdgfra2_A7,OL
1566,Brain.Pdgfra2_A18,OL
1567,Brain.Pdgfra1_A14,OL
1568,Brain.Pdgfra2_G8,OL
1569,Brain.Pdgfra2_H14,OL
1570,Brain.Pdgfra2_O4,OL
1571,Brain.Pdgfra1_E1,OL
1572,Brain.Pdgfra1_C14,OL
1573,Brain.Pdgfra1_A19,OL
1574,Brain.Pdgfra2_L18,OL
1575,Brain.Pdgfra2_K2,OL
1576,Brain.Pdgfra2_F11,OL
1577,Brain.Pdgfra2_D20,OL
1578,Brain.Pdgfra2_P23,OL
1579,Brain.Pdgfra2_N23,OL
1580,Brain.Pdgfra2_I23,OL
1581,Brain.Pdgfra2_H23,OL
1582,Brain.Pdgfra1_C6,OL
1583,Brain.Pdgfra2_F19,OL
1584,Brain.Pdgfra2_D22,OL
1585,Brain.Pdgfra2_N3,OL
1586,Brain.Pdgfra2_O12,OL
1587,Brain.Pdgfra2_F20,OL
1588,Brain.Pdgfra2_M16,OL
1589,Brain.Pdgfra2_K18,OL
1590,Brain.Pdgfra2_H22,OL
1591,Brain.Pdgfra2_K6,OL
1592,Brain.Pdgfra2_F18,OL
1593,Brain.Pdgfra2_P19,OL
1594,Brain.Pdgfra2_H15,OL
1595,Brain.Pdgfra2_L12,OL
1596,Brain.Pdgfra2_E5,OL
1597,Brain.Pdgfra2_B21,OL
1598,Brain.Pdgfra2_O19,OL
1599,Brain.Pdgfra2_G13,OL
1600,Brain.Pdgfra2_G1,OL
1601,Brain.Pdgfra2_L13,OL
1602,Brain.Pdgfra2_I1,OL
1603,Brain.Pdgfra2_E16,OL
1604,Brain.Pdgfra2_D15,OL
1605,Brain.Pdgfra2_C13,OL
1606,Brain.Pdgfra2_C1,OL
1607,Brain.Pdgfra2_E13,OL
1608,Brain.Pdgfra2_M3,OL
1609,Brain.Pdgfra2_O24,OL
1610,Brain.Pdgfra2_G4,OL
1611,Brain.Pdgfra2_H7,OL
1612,Brain.Pdgfra2_N19,OL
1613,Brain.Pdgfra2_E3,OL
1614,Brain.Pdgfra2_B19,OL
1615,Brain.Pdgfra2_F1,OL
1616,Brain.Pdgfra2_H9,OL
1617,Brain.Pdgfra2_F13,OL
1618,Brain.Pdgfra2_E20,OL
1619,Brain.Pdgfra2_F15,OL
1620,Brain.Pdgfra2_C2,OL
1621,Brain.Pdgfra2_A19,OL
1622,Brain.Pdgfra2_J4,OL
1623,Brain.Pdgfra2_M14,OL
1624,Brain.Pdgfra2_B20,OL
1625,Brain.Pdgfra1_A8,OL
1626,Brain.Pdgfra2_G14,OL
1627,Brain.Pdgfra1_E5,OL
1628,Brain.Pdgfra1_F14,OL
1629,Brain.Pdgfra1_D9,OL
1630,Brain.Pdgfra1_D23,OL
1631,Brain.Pdgfra1_E23,OL
1632,Brain.Pdgfra1_C19,OL
1633,Brain.Pdgfra2_O2,OL
1634,Brain.Pdgfra2_A24,OL
1635,Brain.Pdgfra1_E8,OL
1636,Brain.Pdgfra2_E23,OL
1637,Brain.Pdgfra2_J17,OL
1638,Brain.Pdgfra2_I9,OL
1639,Brain.Pdgfra1_B20,OL
1640,Brain.Pdgfra2_P16,OL
1641,Brain.EC5_C3,EC1
1642,Brain.EC3_I23,EC1
1643,Brain.EC5_J12,EC1
1644,Brain.EC6_E16,EC1
1645,Brain.EC5_D19,EC1
1646,Brain.EC4_P10,EC1
1647,Brain.EC6_C17,EC1
1648,Brain.EC4_F13,EC1
1649,Brain.EC5_B14,EC1
1650,Brain.EC3_G6,EC1
1651,Brain.EC6_H8,EC1
1652,Brain.EC4_I15,EC1
1653,Brain.EC4_H2,EC1
1654,Brain.EC4_D22,EC1
1655,Brain.EC6_N19,EC1
1656,Brain.EC6_C21,EC1
1657,Brain.EC4_B18,EC1
1658,Brain.EC3_J15,EC1
1659,Brain.EC5_H12,EC1
1660,Brain.EC6_C8,EC1
1661,Brain.EC4_N10,EC1
1662,Brain.EC6_H4,EC1
1663,Brain.EC3_C22,EC1
1664,Brain.EC3_D22,EC1
1665,Brain.EC5_G23,EC1
1666,Brain.EC6_D19,EC1
1667,Brain.EC6_I21,EC1
1668,Brain.EC3_D5,EC1
1669,Brain.EC3_F11,EC1
1670,Brain.EC6_N5,EC1
1671,Brain.EC4_G19,EC1
1672,Brain.EC4_K4,EC1
1673,Brain.EC3_D1,EC1
1674,Brain.EC5_P22,EC1
1675,Brain.EC5_B22,EC1
1676,Brain.EC3_O2,EC1
1677,Brain.EC4_E11,EC1
1678,Brain.EC5_J3,EC1
1679,Brain.EC3_B17,EC1
1680,Brain.EC3_O23,EC1
1681,Brain.EC5_I20,EC1
1682,Brain.EC6_I14,EC1
1683,Brain.EC6_H5,EC1
1684,Brain.EC4_C3,EC1
1685,Brain.EC5_N8,EC1
1686,Brain.EC5_O7,EC1
1687,Brain.EC4_H15,EC1
1688,Brain.Mural6_H24,EC1
1689,Brain.EC3_H21,EC1
1690,Brain.EC6_M7,EC1
1691,Brain.EC4_B22,EC1
1692,Brain.Mural5_E23,EC1
1693,Brain.EC6_D4,EC1
1694,Brain.EC5_E20,EC1
1695,Brain.EC3_K6,EC1
1696,Brain.EC4_E23,EC1
1697,Brain.EC3_I10,EC1
1698,Brain.EC4_K16,EC1
1699,Brain.EC3_J17,EC1
1700,Brain.Mural4_M19,EC1
1701,Brain.EC4_I8,EC1
1702,Brain.EC6_L12,EC1
1703,Brain.EC3_E21,EC1
1704,Brain.Mural5_H21,EC1
1705,Brain.EC3_D9,EC1
1706,Brain.EC3_D23,EC1
1707,Brain.EC3_O9,EC1
1708,Brain.EC5_M7,EC1
1709,Brain.EC4_D19,EC1
1710,Brain.EC4_M24,EC1
1711,Brain.Mural5_P19,EC1
1712,Brain.EC4_N1,EC1
1713,Brain.EC3_B9,EC1
1714,Brain.Mural4_A5,EC1
1715,Brain.EC3_N8,EC1
1716,Brain.EC3_G3,EC1
1717,Brain.EC6_F21,EC1
1718,Brain.EC3_P7,EC1
1719,Brain.EC6_E18,EC1
1720,Brain.EC5_C1,EC1
1721,Brain.EC6_B23,EC1
1722,Brain.EC3_K18,EC1
1723,Brain.EC5_A7,EC1
1724,Brain.EC5_J23,EC1
1725,Brain.EC3_F10,EC1
1726,Brain.EC3_G10,EC1
1727,Brain.EC4_I19,EC1
1728,Brain.EC3_C6,EC1
1729,Brain.EC3_M14,EC1
1730,Brain.EC4_C20,EC1
1731,Brain.EC4_O9,EC1
1732,Brain.EC3_P11,EC1
1733,Brain.EC3_E19,EC1
1734,Brain.EC3_B12,EC1
1735,Brain.EC5_O24,EC1
1736,Brain.EC4_H22,EC1
1737,Brain.Mural5_J13,EC1
1738,Brain.EC3_B8,EC1
1739,Brain.EC3_A1,EC1
1740,Brain.EC3_N19,EC1
1741,Brain.EC3_K16,EC1
1742,Brain.EC5_P12,EC1
1743,Brain.EC3_D17,EC1
1744,Brain.Mural5_B23,EC1
1745,Brain.Mural5_L9,EC1
1746,Brain.EC6_P9,EC1
1747,Brain.EC5_E12,EC1
1748,Brain.EC4_K19,EC1
1749,Brain.EC6_F15,EC1
1750,Brain.EC5_A19,EC1
1751,Brain.EC6_E24,EC1
1752,Brain.Mural5_J4,EC1
1753,Brain.Mural4_M23,EC1
1754,Brain.Mural4_L11,EC1
1755,Brain.EC4_D3,EC1
1756,Brain.EC5_M20,EC1
1757,Brain.Mural4_F1,EC1
1758,Brain.EC3_M19,EC1
1759,Brain.Mural5_D13,EC1
1760,Brain.EC5_D18,EC1
1761,Brain.EC3_O24,EC1
1762,Brain.EC6_N11,EC1
1763,Brain.EC3_O12,EC1
1764,Brain.EC3_I21,EC1
1765,Brain.EC5_D24,EC1
1766,Brain.Mural4_N2,EC1
1767,Brain.Mural6_N23,EC1
1768,Brain.EC4_L12,EC1
1769,Brain.EC4_O23,EC1
1770,Brain.EC6_K6,EC1
1771,Brain.EC6_M19,EC1
1772,Brain.EC3_J19,EC1
1773,Brain.EC5_B4,EC1
1774,Brain.EC3_C5,EC1
1775,Brain.Mural6_J16,EC1
1776,Brain.EC5_C24,EC1
1777,Brain.EC5_D13,EC1
1778,Brain.EC4_I12,EC1
1779,Brain.EC4_K22,EC1
1780,Brain.EC4_A4,EC1
1781,Brain.EC4_M10,EC1
1782,Brain.EC6_P23,EC1
1783,Brain.EC6_G24,EC1
1784,Brain.EC5_N7,EC1
1785,Brain.EC4_P6,EC1
1786,Brain.Mural5_P4,EC1
1787,Brain.EC6_H15,EC1
1788,Brain.EC6_E23,EC1
1789,Brain.EC3_D3,EC1
1790,Brain.EC3_D15,EC1
1791,Brain.EC3_F17,EC1
1792,Brain.EC5_L1,EC1
1793,Brain.EC5_E8,EC1
1794,Brain.EC4_D23,EC1
1795,Brain.EC5_F5,EC1
1796,Brain.EC5_M18,EC1
1797,Brain.EC6_O9,EC1
1798,Brain.Mural4_P12,EC1
1799,Brain.EC6_K3,EC1
1800,Brain.EC3_F7,EC1
1801,Brain.Mural5_K14,EC1
1802,Brain.EC5_H14,EC1
1803,Brain.EC6_I10,EC1
1804,Brain.EC6_K4,EC1
1805,Brain.Mural5_M14,EC1
1806,Brain.EC4_P8,EC1
1807,Brain.EC4_I2,EC1
1808,Brain.EC5_M16,EC1
1809,Brain.EC3_J24,EC1
1810,Brain.EC4_G14,EC1
1811,Brain.EC3_E1,EC1
1812,Brain.EC4_C10,EC1
1813,Brain.Mural5_P3,EC1
1814,Brain.EC3_J18,EC1
1815,Brain.EC5_H10,EC1
1816,Brain.EC3_M18,EC1
1817,Brain.EC3_P21,EC1
1818,Brain.EC4_B4,EC1
1819,Brain.EC4_B7,EC1
1820,Brain.EC5_M14,EC1
1821,Brain.EC3_J6,EC1
1822,Brain.EC3_K7,EC1
1823,Brain.EC4_M6,EC1
1824,Brain.EC4_F24,EC1
1825,Brain.EC6_H2,EC1
1826,Brain.EC5_C8,EC1
1827,Brain.EC6_P1,EC1
1828,Brain.EC6_L6,EC1
1829,Brain.EC3_B3,EC1
1830,Brain.EC3_H5,EC1
1831,Brain.EC3_M5,EC1
1832,Brain.EC4_G16,EC1
1833,Brain.EC3_H20,EC1
1834,Brain.EC4_B3,EC1
1835,Brain.Mural6_P12,EC1
1836,Brain.EC3_K2,EC1
1837,Brain.EC3_M9,EC1
1838,Brain.EC3_C11,EC1
1839,Brain.EC4_F9,EC1
1840,Brain.EC3_K4,EC1
1841,Brain.EC3_M24,EC1
1842,Brain.EC5_J8,EC1
1843,Brain.EC6_G3,EC1
1844,Brain.Mural5_F20,EC1
1845,Brain.EC6_O20,EC1
1846,Brain.EC3_E3,EC1
1847,Brain.Mural5_I7,EC1
1848,Brain.EC3_F1,EC1
1849,Brain.EC4_J22,EC1
1850,Brain.EC3_K15,EC1
1851,Brain.EC5_C4,EC1
1852,Brain.Mural4_C10,EC1
1853,Brain.EC6_B18,EC1
1854,Brain.EC6_L24,EC1
1855,Brain.EC5_F21,EC1
1856,Brain.EC5_F7,EC1
1857,Brain.Mural4_C24,EC1
1858,Brain.EC6_A10,EC1
1859,Brain.EC3_C19,EC1
1860,Brain.Mural6_K5,EC1
1861,Brain.EC6_J1,EC1
1862,Brain.EC4_P4,EC1
1863,Brain.EC6_D2,EC1
1864,Brain.EC4_M3,EC1
1865,Brain.EC6_I24,EC1
1866,Brain.EC3_C8,EC1
1867,Brain.EC4_L4,EC1
1868,Brain.EC3_F9,EC1
1869,Brain.EC6_F22,EC2
1870,Brain.EC3_P17,EC2
1871,Brain.EC6_F11,EC2
1872,Brain.EC6_L1,EC2
1873,Brain.EC5_L11,EC2
1874,Brain.EC5_F2,EC2
1875,Brain.Mural4_B1,EC2
1876,Brain.EC4_D9,EC2
1877,Brain.EC5_H24,EC2
1878,Brain.EC3_P22,EC2
1879,Brain.EC4_K3,EC2
1880,Brain.Mural3_A5,EC2
1881,Brain.EC3_N15,EC2
1882,Brain.EC3_N20,EC2
1883,Brain.EC3_J10,EC2
1884,Brain.EC4_F3,EC2
1885,Brain.EC5_O8,EC2
1886,Brain.EC4_C15,EC2
1887,Brain.EC4_A20,EC2
1888,Brain.EC4_O1,EC2
1889,Brain.EC6_G18,EC2
1890,Brain.EC6_H11,EC2
1891,Brain.EC4_G22,EC2
1892,Brain.EC5_I21,EC2
1893,Brain.EC5_H21,EC2
1894,Brain.EC5_N13,EC2
1895,Brain.EC3_H1,EC2
1896,Brain.EC4_I10,EC2
1897,Brain.EC5_G9,EC2
1898,Brain.EC5_O14,EC2
1899,Brain.EC6_A8,EC2
1900,Brain.EC3_C13,EC2
1901,Brain.EC5_M6,EC2
1902,Brain.EC6_C9,EC2
1903,Brain.EC5_P23,EC2
1904,Brain.EC5_H13,EC2
1905,Brain.Mural3_C24,EC2
1906,Brain.EC6_J3,EC2
1907,Brain.EC6_K1,EC2
1908,Brain.EC4_B12,EC2
1909,Brain.EC6_G2,EC2
1910,Brain.Mural5_D12,EC2
1911,Brain.EC6_D7,EC2
1912,Brain.EC6_E11,EC2
1913,Brain.EC6_I17,EC2
1914,Brain.EC6_O12,EC2
1915,Brain.EC3_A18,EC2
1916,Brain.EC5_A2,EC2
1917,Brain.EC5_E18,EC2
1918,Brain.EC6_N4,EC2
1919,Brain.EC6_G22,EC2
1920,Brain.EC5_P8,EC2
1921,Brain.EC6_O14,EC2
1922,Brain.EC3_B4,EC2
1923,Brain.EC6_J4,EC2
1924,Brain.EC6_E17,EC2
1925,Brain.EC4_B6,EC2
1926,Brain.EC3_I22,EC2
1927,Brain.EC6_H1,EC2
1928,Brain.EC3_P3,EC2
1929,Brain.Mural3_I8,EC2
1930,Brain.Pdgfra2_C24,EC2
1931,Brain.EC6_F24,EC2
1932,Brain.EC6_L8,EC3
1933,Brain.EC3_M2,EC3
1934,Brain.EC5_B1,EC3
1935,Brain.EC4_A21,EC3
1936,Brain.Mural5_F13,EC3
1937,Brain.EC5_M9,EC3
1938,Brain.EC3_L23,EC3
1939,Brain.EC3_J4,EC3
1940,Brain.EC3_I17,EC3
1941,Brain.EC6_N16,EC3
1942,Brain.Mural3_D10,EC3
1943,Brain.EC3_M1,EC3
1944,Brain.EC5_G6,EC3
1945,Brain.Mural6_I2,EC3
1946,Brain.EC4_L16,EC3
1947,Brain.EC5_F4,EC3
1948,Brain.EC3_A22,EC3
1949,Brain.EC4_O18,EC3
1950,Brain.EC5_J13,EC3
1951,Brain.EC6_B14,EC3
1952,Brain.EC5_O17,EC3
1953,Brain.EC5_O19,EC3
1954,Brain.EC6_J23,EC3
1955,Brain.EC4_J1,EC3
1956,Brain.EC5_G14,EC3
1957,Brain.EC5_A4,EC3
1958,Brain.EC5_M8,EC3
1959,Brain.EC6_C20,EC3
1960,Brain.EC3_N9,EC3
1961,Brain.EC5_M3,EC3
1962,Brain.EC6_D12,EC3
1963,Brain.EC5_I7,EC3
1964,Brain.EC4_I1,EC3
1965,Brain.EC3_F12,EC3
1966,Brain.EC6_M6,EC3
1967,Brain.EC4_O5,EC3
1968,Brain.EC3_F21,EC3
1969,Brain.EC4_N16,EC3
1970,Brain.EC3_H3,EC3
1971,Brain.EC4_I6,EC3
1972,Brain.EC5_N18,EC3
1973,Brain.EC5_B9,EC3
1974,Brain.EC3_P4,EC3
1975,Brain.Mural4_K10,EC3
1976,Brain.EC5_I13,EC3
1977,Brain.EC3_F23,EC3
1978,Brain.EC3_A3,EC3
1979,Brain.EC3_N24,EC3
1980,Brain.EC6_H6,EC3
1981,Brain.EC4_I16,EC3
1982,Brain.EC6_I5,EC3
1983,Brain.EC3_F8,EC3
1984,Brain.EC5_H6,EC3
1985,Brain.EC3_I1,EC3
1986,Brain.EC4_D12,EC3
1987,Brain.EC3_C21,EC3
1988,Brain.EC5_L3,EC3
1989,Brain.EC6_B24,EC3
1990,Brain.EC5_J24,EC3
1991,Brain.EC4_H20,EC3
1992,Brain.EC6_J22,EC3
1993,Brain.EC6_L13,EC3
1994,Brain.EC6_O10,EC3
1995,Brain.EC6_L7,EC3
1996,Brain.EC6_H9,EC3
1997,Brain.EC5_D20,EC3
1998,Brain.EC6_P7,EC3
1999,Brain.EC4_B5,EC3
2000,Brain.EC5_D3,EC3
2001,Brain.Mural4_H7,EC3
2002,Brain.EC5_L20,EC3
2003,Brain.EC3_F5,EC3
2004,Brain.Mural3_O10,EC3
2005,Brain.EC5_J9,EC3
2006,Brain.EC6_C2,EC3
2007,Brain.EC5_I18,EC3
2008,Brain.EC5_M21,EC3
2009,Brain.EC4_J9,EC3
2010,Brain.Mural5_L14,EC3
2011,Brain.EC5_B21,EC3
2012,Brain.EC4_D11,EC3
2013,Brain.EC5_P16,EC3
2014,Brain.EC6_C3,EC3
2015,Brain.EC6_B11,EC3
2016,Brain.EC5_N6,EC3
2017,Brain.EC4_L13,EC3
2018,Brain.EC6_A11,EC3
2019,Brain.EC5_F16,EC3
2020,Brain.EC5_F19,EC3
2021,Brain.EC6_G11,EC3
2022,Brain.EC3_F4,EC3
2023,Brain.EC6_D20,EC3
2024,Brain.EC6_L15,EC3
2025,Brain.EC5_H23,EC3
2026,Brain.EC6_E13,EC3
2027,Brain.EC6_B19,EC3
2028,Brain.EC3_B21,EC3
2029,Brain.Mural4_N7,EC3
2030,Brain.EC4_N22,EC3
2031,Brain.EC5_C22,EC3
2032,Brain.EC5_N21,EC3
2033,Brain.EC4_F10,EC3
2034,Brain.Mural3_P18,EC3
2035,Brain.EC6_P18,EC3
2036,Brain.EC6_D3,EC3
2037,Brain.EC5_N12,EC3
2038,Brain.EC6_K2,EC3
2039,Brain.EC5_L24,EC3
2040,Brain.EC5_I15,EC3
2041,Brain.EC4_M9,EC3
2042,Brain.EC4_E7,EC3
2043,Brain.EC5_O11,EC3
2044,Brain.EC6_G23,EC3
2045,Brain.Mural3_K20,EC3
2046,Brain.EC6_G16,EC3
2047,Brain.EC5_L16,EC3
2048,Brain.EC6_N24,EC3
2049,Brain.EC3_N6,EC3
2050,Brain.EC6_B9,EC3
2051,Brain.EC6_O8,EC3
2052,Brain.EC3_A13,EC3
2053,Brain.Mural4_M11,EC3
2054,Brain.Mural3_A17,EC3
2055,Brain.Mural3_N7,EC3
2056,Brain.EC6_O24,EC3
2057,Brain.EC4_E5,EC3
2058,Brain.EC5_C11,EC3
2059,Brain.EC4_A1,EC3
2060,Brain.EC6_G21,EC3
2061,Brain.EC4_N24,EC3
2062,Brain.EC6_M21,EC3
2063,Brain.EC5_J22,EC3
2064,Brain.Mural6_C13,EC3
2065,Brain.EC3_P6,EC3
2066,Brain.EC4_D1,EC3
2067,Brain.EC5_H19,EC3
2068,Brain.EC3_D6,EC3
2069,Brain.EC4_P3,vEC
2070,Brain.EC5_M13,vEC
2071,Brain.EC4_L15,vEC
2072,Brain.EC3_C3,vEC
2073,Brain.EC6_L18,vEC
2074,Brain.EC4_D6,vEC
2075,Brain.EC4_C7,vEC
2076,Brain.EC4_O16,vEC
2077,Brain.EC5_A6,vEC
2078,Brain.EC3_L4,vEC
2079,Brain.EC5_K17,vEC
2080,Brain.EC3_O16,vEC
2081,Brain.EC5_G16,vEC
2082,Brain.EC4_P17,vEC
2083,Brain.EC5_K1,vEC
2084,Brain.EC3_P18,vEC
2085,Brain.EC5_N17,vEC
2086,Brain.EC6_I8,vEC
2087,Brain.EC3_J21,vEC
2088,Brain.EC4_H17,vEC
2089,Brain.EC5_B19,vEC
2090,Brain.EC6_J24,vEC
2091,Brain.EC3_C23,vEC
2092,Brain.EC4_K8,vEC
2093,Brain.EC5_C17,vEC
2094,Brain.EC3_L7,vEC
2095,Brain.EC5_J4,vEC
2096,Brain.EC5_P18,vEC
2097,Brain.EC5_I22,vEC
2098,Brain.EC6_N20,vEC
2099,Brain.EC5_A20,vEC
2100,Brain.EC6_J2,vEC
2101,Brain.EC5_D16,vEC
2102,Brain.EC3_N16,vEC
2103,Brain.Mural3_P11,vEC
2104,Brain.EC5_K7,vEC
2105,Brain.EC3_B11,vEC
2106,Brain.EC5_A10,vEC
2107,Brain.EC6_N1,vEC
2108,Brain.EC6_E2,vEC
2109,Brain.EC6_O13,vEC
2110,Brain.EC6_O3,vEC
2111,Brain.EC5_N11,vEC
2112,Brain.EC4_M23,vEC
2113,Brain.EC3_D21,vEC
2114,Brain.EC4_L1,vEC
2115,Brain.EC4_D14,vEC
2116,Brain.EC3_O4,vEC
2117,Brain.EC5_M17,vEC
2118,Brain.EC3_J14,vEC
2119,Brain.EC3_I4,vEC
2120,Brain.EC5_O4,vEC
2121,Brain.EC6_O6,vEC
2122,Brain.EC5_B2,vEC
2123,Brain.EC5_P6,vEC
2124,Brain.Mural4_K12,vEC
2125,Brain.EC3_E4,vEC
2126,Brain.EC4_H6,vEC
2127,Brain.EC6_N7,vEC
2128,Brain.EC6_K18,vEC
2129,Brain.EC6_P6,vEC
2130,Brain.EC5_K8,vEC
2131,Brain.EC4_O11,vEC
2132,Brain.EC5_B10,vEC
2133,Brain.Mural4_A10,vEC
2134,Brain.EC4_E10,vEC
2135,Brain.EC5_I3,vEC
2136,Brain.EC5_O13,vEC
2137,Brain.EC4_O14,vEC
2138,Brain.EC5_I24,vEC
2139,Brain.EC5_O10,vEC
2140,Brain.EC6_M14,vEC
2141,Brain.EC6_P12,vEC
2142,Brain.EC4_C17,vEC
2143,Brain.EC4_J15,vEC
2144,Brain.EC4_H3,vEC
2145,Brain.EC5_P5,vEC
2146,Brain.EC4_E8,vEC
2147,Brain.EC3_M4,vEC
2148,Brain.EC5_N1,vEC
2149,Brain.EC6_D15,vEC
2150,Brain.EC6_F1,vEC
2151,Brain.EC4_F22,vEC
2152,Brain.EC4_A3,vEC
2153,Brain.EC3_E7,vEC
2154,Brain.EC4_I21,vEC
2155,Brain.EC5_E6,vEC
2156,Brain.EC3_N18,vEC
2157,Brain.EC4_M11,vEC
2158,Brain.EC4_O17,vEC
2159,Brain.EC3_H11,vEC
2160,Brain.EC4_I22,vEC
2161,Brain.EC3_G23,vEC
2162,Brain.EC3_J13,vEC
2163,Brain.EC4_F11,vEC
2164,Brain.EC4_D8,vEC
2165,Brain.EC5_I14,vEC
2166,Brain.EC4_O3,vEC
2167,Brain.EC4_E9,vEC
2168,Brain.EC5_N15,vEC
2169,Brain.EC6_E12,vEC
2170,Brain.EC4_E17,vEC
2171,Brain.EC5_P7,vEC
2172,Brain.EC4_N11,vEC
2173,Brain.Mural6_K1,vEC
2174,Brain.EC4_A10,vEC
2175,Brain.EC6_M22,vEC
2176,Brain.EC4_D16,vEC
2177,Brain.EC6_O21,vEC
2178,Brain.EC3_K3,vEC
2179,Brain.EC4_B2,vEC
2180,Brain.EC4_J7,vEC
2181,Brain.EC3_L17,vEC
2182,Brain.EC5_D11,vEC
2183,Brain.EC6_M5,vEC
2184,Brain.EC3_K10,vEC
2185,Brain.EC4_A24,vEC
2186,Brain.EC3_B1,vEC
2187,Brain.EC3_I11,vEC
2188,Brain.EC5_E7,vEC
2189,Brain.EC6_N22,vEC
2190,Brain.EC3_A15,vEC
2191,Brain.EC4_P23,vEC
2192,Brain.EC3_G1,vEC
2193,Brain.EC4_P9,vEC
2194,Brain.EC3_C14,vEC
2195,Brain.EC4_O10,vEC
2196,Brain.EC5_F17,vEC
2197,Brain.EC4_J3,vEC
2198,Brain.EC4_E14,vEC
2199,Brain.EC5_D14,vEC
2200,Brain.EC4_K2,vEC
2201,Brain.EC6_L10,vEC
2202,Brain.EC3_L8,vEC
2203,Brain.EC6_A13,vEC
2204,Brain.EC5_I17,vEC
2205,Brain.Mural3_I6,vEC
2206,Brain.EC4_K20,vEC
2207,Brain.EC3_A7,vEC
2208,Brain.EC6_O17,vEC
2209,Brain.EC5_F24,vEC
2210,Brain.EC3_D2,vEC
2211,Brain.EC6_B22,vEC
2212,Brain.EC4_F14,vEC
2213,Brain.EC5_K16,vEC
2214,Brain.EC4_P22,vEC
2215,Brain.EC6_K9,vEC
2216,Brain.EC6_B15,vEC
2217,Brain.EC3_A6,vEC
2218,Brain.EC6_B16,vEC
2219,Brain.EC5_M2,vEC
2220,Brain.EC4_P12,vEC
2221,Brain.EC4_L11,vEC
2222,Brain.EC6_A17,vEC
2223,Brain.EC3_K19,vEC
2224,Brain.EC5_O18,vEC
2225,Brain.EC4_L20,vEC
2226,Brain.EC4_I4,vEC
2227,Brain.EC3_J5,vEC
2228,Brain.EC4_C12,vEC
2229,Brain.EC3_P14,vEC
2230,Brain.EC6_E3,vEC
2231,Brain.EC3_D16,vEC
2232,Brain.EC3_J23,vEC
2233,Brain.EC5_O16,vEC
2234,Brain.EC5_I9,vEC
2235,Brain.EC5_K23,vEC
2236,Brain.EC4_E20,vEC
2237,Brain.EC4_J11,vEC
2238,Brain.Mural4_E19,vEC
2239,Brain.EC6_P22,vEC
2240,Brain.EC5_B23,vEC
2241,Brain.EC4_L22,vEC
2242,Brain.EC6_P2,vEC
2243,Brain.EC3_L3,vEC
2244,Brain.EC5_I2,vEC
2245,Brain.EC5_O20,vEC
2246,Brain.EC5_P20,vEC
2247,Brain.EC5_P24,vEC
2248,Brain.EC6_F20,vEC
2249,Brain.EC3_P16,vEC
2250,Brain.EC6_A12,vEC
2251,Brain.EC3_L24,vEC
2252,Brain.EC4_K10,vEC
2253,Brain.EC5_O3,vEC
2254,Brain.EC4_O21,vEC
2255,Brain.EC3_O3,vEC
2256,Brain.EC4_K24,vEC
2257,Brain.EC4_J20,vEC
2258,Brain.EC6_F23,vEC
2259,Brain.EC3_J2,vEC
2260,Brain.EC6_C14,vEC
2261,Brain.EC5_N9,vEC
2262,Brain.EC5_A12,vEC
2263,Brain.EC5_K12,vEC
2264,Brain.EC3_I12,vEC
2265,Brain.EC4_A14,vEC
2266,Brain.EC6_H17,vEC
2267,Brain.EC3_N7,vEC
2268,Brain.EC6_P15,vEC
2269,Brain.EC3_E18,vEC
2270,Brain.EC3_I6,vEC
2271,Brain.EC5_N2,vEC
2272,Brain.EC3_H12,vEC
2273,Brain.EC3_E23,vEC
2274,Brain.EC6_C18,vEC
2275,Brain.EC5_G24,vEC
2276,Brain.EC3_D14,vEC
2277,Brain.EC4_C23,vEC
2278,Brain.EC4_P1,vEC
2279,Brain.EC4_K5,vEC
2280,Brain.EC3_O1,vEC
2281,Brain.EC6_D18,vEC
2282,Brain.EC4_N23,vEC
2283,Brain.EC6_L11,vEC
2284,Brain.EC4_H5,vEC
2285,Brain.EC3_H14,vEC
2286,Brain.EC3_P24,vEC
2287,Brain.EC6_D1,vEC
2288,Brain.EC4_J10,vEC
2289,Brain.EC6_P21,vEC
2290,Brain.EC6_F17,vEC
2291,Brain.EC6_F16,vEC
2292,Brain.EC6_C22,vEC
2293,Brain.EC6_F12,vEC
2294,Brain.EC5_C19,vEC
2295,Brain.EC6_J18,vEC
2296,Brain.EC3_I3,vEC
2297,Brain.EC3_C9,vEC
2298,Brain.EC5_F8,vEC
2299,Brain.EC3_I2,vEC
2300,Brain.EC4_E22,vEC
2301,Brain.EC6_H20,vEC
2302,Brain.EC3_J1,vEC
2303,Brain.EC4_D13,vEC
2304,Brain.EC6_B17,vEC
2305,Brain.EC5_C7,vEC
2306,Brain.EC6_A23,vEC
2307,Brain.EC3_K8,vEC
2308,Brain.EC3_H9,vEC
2309,Brain.EC6_J7,vEC
2310,Brain.EC4_I5,vEC
2311,Brain.EC6_I6,vEC
2312,Brain.EC6_O1,vEC
2313,Brain.EC3_A17,vEC
2314,Brain.EC6_M24,vEC
2315,Brain.EC4_N8,vEC
2316,Brain.EC3_A19,vEC
2317,Brain.EC6_P17,vEC
2318,Brain.EC6_B21,vEC
2319,Brain.EC4_P21,vEC
2320,Brain.EC6_I15,vEC
2321,Brain.EC3_H7,vEC
2322,Brain.EC5_L2,vEC
2323,Brain.EC6_M18,vEC
2324,Brain.EC6_N2,vEC
2325,Brain.EC4_J6,vEC
2326,Brain.Mural3_E24,vEC
2327,Brain.EC6_G12,vEC
2328,Brain.EC4_C9,vEC
2329,Brain.EC4_K9,vEC
2330,Brain.EC6_M11,vEC
2331,Brain.EC3_O17,vEC
2332,Brain.EC3_A23,vEC
2333,Brain.EC6_P11,vEC
2334,Brain.EC5_L7,vEC
2335,Brain.EC3_M17,vEC
2336,Brain.EC5_G4,vEC
2337,Brain.EC6_H24,vEC
2338,Brain.EC5_D9,vEC
2339,Brain.EC6_D8,vEC
2340,Brain.EC5_B24,vEC
2341,Brain.EC6_F10,vEC
2342,Brain.EC5_I11,vEC
2343,Brain.EC5_A21,vEC
2344,Brain.EC5_G15,vEC
2345,Brain.EC4_M22,vEC
2346,Brain.EC5_B13,vEC
2347,Brain.EC4_B10,vEC
2348,Brain.EC5_K2,vEC
2349,Brain.EC4_B17,vEC
2350,Brain.EC4_M4,vEC
2351,Brain.EC6_P16,vEC
2352,Brain.EC3_C12,vEC
2353,Brain.EC5_N10,vEC
2354,Brain.EC4_M1,vEC
2355,Brain.EC3_H18,vEC
2356,Brain.EC6_J9,vEC
2357,Brain.EC5_G22,vEC
2358,Brain.EC5_I19,vEC
2359,Brain.EC3_E17,vEC
2360,Brain.EC6_I4,vEC
2361,Brain.EC6_M9,vEC
2362,Brain.EC5_N16,vEC
2363,Brain.EC6_E5,vEC
2364,Brain.EC6_I23,vEC
2365,Brain.EC3_N1,vEC
2366,Brain.EC6_G5,vEC
2367,Brain.EC5_H3,capilEC
2368,Brain.EC4_J4,capilEC
2369,Brain.EC6_C23,capilEC
2370,Brain.EC6_P13,capilEC
2371,Brain.EC6_A22,capilEC
2372,Brain.Mural3_B6,capilEC
2373,Brain.EC4_F23,capilEC
2374,Brain.EC4_J19,capilEC
2375,Brain.EC4_M19,capilEC
2376,Brain.EC5_I23,capilEC
2377,Brain.EC4_C19,capilEC
2378,Brain.EC5_L8,capilEC
2379,Brain.EC6_C19,capilEC
2380,Brain.EC6_B20,capilEC
2381,Brain.EC5_O15,capilEC
2382,Brain.EC3_B23,capilEC
2383,Brain.EC6_M12,capilEC
2384,Brain.EC5_E15,capilEC
2385,Brain.EC4_N19,capilEC
2386,Brain.Mural4_M10,capilEC
2387,Brain.EC4_I14,capilEC
2388,Brain.EC5_N24,capilEC
2389,Brain.EC5_E9,capilEC
2390,Brain.EC6_H3,capilEC
2391,Brain.EC5_L9,capilEC
2392,Brain.EC5_C21,capilEC
2393,Brain.EC4_C1,capilEC
2394,Brain.EC4_L2,capilEC
2395,Brain.EC3_D4,capilEC
2396,Brain.Mural4_F13,capilEC
2397,Brain.EC4_G11,capilEC
2398,Brain.EC5_K14,capilEC
2399,Brain.EC3_K12,capilEC
2400,Brain.EC5_A23,capilEC
2401,Brain.EC4_L23,capilEC
2402,Brain.EC5_L4,capilEC
2403,Brain.EC6_M15,capilEC
2404,Brain.EC5_O1,capilEC
2405,Brain.EC5_H2,capilEC
2406,Brain.EC6_O15,capilEC
2407,Brain.EC6_A1,capilEC
2408,Brain.EC3_B6,capilEC
2409,Brain.EC6_A4,capilEC
2410,Brain.EC6_N21,capilEC
2411,Brain.EC5_E2,capilEC
2412,Brain.EC6_I7,capilEC
2413,Brain.EC6_L16,capilEC
2414,Brain.EC5_G1,capilEC
2415,Brain.Mural3_P5,capilEC
2416,Brain.EC5_O5,capilEC
2417,Brain.EC5_F12,capilEC
2418,Brain.EC6_K17,capilEC
2419,Brain.EC6_H7,capilEC
2420,Brain.EC4_K23,capilEC
2421,Brain.EC5_M5,capilEC
2422,Brain.EC4_N7,capilEC
2423,Brain.EC3_J11,capilEC
2424,Brain.EC6_G1,capilEC
2425,Brain.EC3_N13,capilEC
2426,Brain.EC4_E13,capilEC
2427,Brain.EC4_K7,capilEC
2428,Brain.EC3_E24,capilEC
2429,Brain.EC5_P17,capilEC
2430,Brain.EC5_I6,capilEC
2431,Brain.EC5_A5,capilEC
2432,Brain.EC3_G16,capilEC
2433,Brain.EC4_F16,capilEC
2434,Brain.EC3_B15,capilEC
2435,Brain.EC6_H13,capilEC
2436,Brain.EC5_P15,capilEC
2437,Brain.EC4_N15,capilEC
2438,Brain.EC6_K23,capilEC
2439,Brain.EC3_O15,capilEC
2440,Brain.EC5_P19,capilEC
2441,Brain.EC3_G11,capilEC
2442,Brain.EC3_O8,capilEC
2443,Brain.EC4_D17,capilEC
2444,Brain.EC6_D16,capilEC
2445,Brain.EC4_P18,capilEC
2446,Brain.EC6_F6,capilEC
2447,Brain.EC6_J20,capilEC
2448,Brain.EC4_M13,capilEC
2449,Brain.EC5_K4,capilEC
2450,Brain.EC5_G21,capilEC
2451,Brain.EC6_B4,capilEC
2452,Brain.EC5_H22,capilEC
2453,Brain.EC4_L8,capilEC
2454,Brain.EC6_N8,capilEC
2455,Brain.EC5_B20,capilEC
2456,Brain.EC3_M3,capilEC
2457,Brain.EC3_L20,capilEC
2458,Brain.EC6_I12,capilEC
2459,Brain.EC6_D9,capilEC
2460,Brain.EC4_D21,capilEC
2461,Brain.EC5_E10,capilEC
2462,Brain.EC3_H24,capilEC
2463,Brain.EC6_O18,capilEC
2464,Brain.EC5_M1,capilEC
2465,Brain.EC3_N21,capilEC
2466,Brain.EC6_K14,capilEC
2467,Brain.EC5_F6,capilEC
2468,Brain.EC5_D23,capilEC
2469,Brain.EC6_N23,capilEC
2470,Brain.EC4_N3,capilEC
2471,Brain.EC6_N12,capilEC
2472,Brain.EC5_H17,capilEC
2473,Brain.EC4_E16,capilEC
2474,Brain.EC6_B12,capilEC
2475,Brain.EC3_H13,capilEC
2476,Brain.Mural4_E12,capilEC
2477,Brain.EC5_C13,capilEC
2478,Brain.EC5_D4,capilEC
2479,Brain.EC6_G13,capilEC
2480,Brain.EC4_E18,capilEC
2481,Brain.EC5_G11,capilEC
2482,Brain.EC5_J5,capilEC
2483,Brain.EC4_H19,capilEC
2484,Brain.EC5_P21,capilEC
2485,Brain.Mural4_L12,capilEC
2486,Brain.EC3_N4,capilEC
2487,Brain.EC5_C20,capilEC
2488,Brain.EC4_O13,capilEC
2489,Brain.EC4_M15,capilEC
2490,Brain.EC6_J19,capilEC
2491,Brain.EC4_P24,capilEC
2492,Brain.EC5_C14,capilEC
2493,Brain.EC5_B16,capilEC
2494,Brain.EC6_G14,capilEC
2495,Brain.EC4_C14,capilEC
2496,Brain.Mural4_I13,capilEC
2497,Brain.EC3_L18,capilEC
2498,Brain.EC5_K20,capilEC
2499,Brain.EC6_A9,capilEC
2500,Brain.EC5_E19,capilEC
2501,Brain.EC5_E21,capilEC
2502,Brain.EC5_F23,capilEC
2503,Brain.EC5_E22,capilEC
2504,Brain.EC4_C18,capilEC
2505,Brain.EC5_L15,capilEC
2506,Brain.EC5_C16,capilEC
2507,Brain.EC3_F22,capilEC
2508,Brain.EC4_L18,capilEC
2509,Brain.EC6_B10,capilEC
2510,Brain.EC6_A14,capilEC
2511,Brain.EC4_G6,capilEC
2512,Brain.EC6_K20,capilEC
2513,Brain.EC3_B19,capilEC
2514,Brain.EC5_D2,capilEC
2515,Brain.EC4_C8,capilEC
2516,Brain.EC3_N2,capilEC
2517,Brain.EC4_F2,capilEC
2518,Brain.EC3_L21,capilEC
2519,Brain.EC4_C16,capilEC
2520,Brain.EC6_F7,capilEC
2521,Brain.EC4_H9,capilEC
2522,Brain.EC6_H16,capilEC
2523,Brain.EC3_B13,capilEC
2524,Brain.EC3_A4,capilEC
2525,Brain.EC5_E24,capilEC
2526,Brain.EC3_C4,capilEC
2527,Brain.EC6_H18,capilEC
2528,Brain.EC5_I4,capilEC
2529,Brain.EC5_G3,capilEC
2530,Brain.EC6_A5,capilEC
2531,Brain.EC4_N5,capilEC
2532,Brain.EC4_A22,capilEC
2533,Brain.EC5_F10,capilEC
2534,Brain.EC6_I19,capilEC
2535,Brain.EC3_N11,capilEC
2536,Brain.EC6_J21,capilEC
2537,Brain.EC4_N2,capilEC
2538,Brain.EC5_H9,capilEC
2539,Brain.EC6_D10,capilEC
2540,Brain.EC4_C22,capilEC
2541,Brain.EC4_K12,capilEC
2542,Brain.EC5_G19,capilEC
2543,Brain.EC5_B7,capilEC
2544,Brain.EC4_M21,capilEC
2545,Brain.EC3_P5,capilEC
2546,Brain.EC3_M23,capilEC
2547,Brain.EC6_N17,capilEC
2548,Brain.EC5_P3,capilEC
2549,Brain.EC3_A24,capilEC
2550,Brain.EC5_E4,capilEC
2551,Brain.EC4_K14,capilEC
2552,Brain.EC6_P14,capilEC
2553,Brain.Mural3_F13,capilEC
2554,Brain.EC5_G12,capilEC
2555,Brain.EC5_E5,capilEC
2556,Brain.EC5_G5,capilEC
2557,Brain.EC4_B24,capilEC
2558,Brain.EC4_K13,capilEC
2559,Brain.EC4_E1,capilEC
2560,Brain.EC3_H22,capilEC
2561,Brain.EC3_L19,capilEC
2562,Brain.EC3_H23,capilEC
2563,Brain.EC3_F6,capilEC
2564,Brain.EC5_A1,capilEC
2565,Brain.EC4_D24,capilEC
2566,Brain.EC3_G21,capilEC
2567,Brain.EC3_B20,capilEC
2568,Brain.EC4_E2,capilEC
2569,Brain.EC4_H1,capilEC
2570,Brain.EC3_K13,capilEC
2571,Brain.EC5_J19,capilEC
2572,Brain.EC3_M8,capilEC
2573,Brain.EC6_L5,capilEC
2574,Brain.EC4_M12,capilEC
2575,Brain.EC3_J9,capilEC
2576,Brain.EC3_E20,capilEC
2577,Brain.EC3_E8,capilEC
2578,Brain.EC3_E14,capilEC
2579,Brain.EC3_B16,capilEC
2580,Brain.EC3_J7,capilEC
2581,Brain.EC4_P15,capilEC
2582,Brain.EC4_L14,capilEC
2583,Brain.EC4_G2,capilEC
2584,Brain.EC6_K11,capilEC
2585,Brain.EC5_L22,capilEC
2586,Brain.EC6_C16,capilEC
2587,Brain.EC4_J2,capilEC
2588,Brain.EC6_N14,capilEC
2589,Brain.EC3_L16,capilEC
2590,Brain.EC4_F1,capilEC
2591,Brain.Mural5_E4,capilEC
2592,Brain.EC6_B7,capilEC
2593,Brain.EC3_G20,capilEC
2594,Brain.EC4_M16,capilEC
2595,Brain.EC4_L21,capilEC
2596,Brain.EC5_I10,capilEC
2597,Brain.EC3_B22,capilEC
2598,Brain.EC5_F18,capilEC
2599,Brain.EC4_N4,capilEC
2600,Brain.EC4_K17,capilEC
2601,Brain.EC3_N12,capilEC
2602,Brain.EC5_L17,capilEC
2603,Brain.EC4_P14,capilEC
2604,Brain.Mural5_E16,capilEC
2605,Brain.EC3_L15,capilEC
2606,Brain.EC3_J22,capilEC
2607,Brain.EC6_C5,capilEC
2608,Brain.EC3_G19,capilEC
2609,Brain.EC4_F21,capilEC
2610,Brain.EC4_C5,capilEC
2611,Brain.EC6_M17,capilEC
2612,Brain.EC3_I18,capilEC
2613,Brain.EC4_M20,capilEC
2614,Brain.EC4_A7,capilEC
2615,Brain.EC6_O11,capilEC
2616,Brain.Mural4_D10,capilEC
2617,Brain.EC5_J17,capilEC
2618,Brain.EC3_G4,capilEC
2619,Brain.EC4_H12,capilEC
2620,Brain.EC6_M2,capilEC
2621,Brain.EC6_F19,capilEC
2622,Brain.EC4_A17,capilEC
2623,Brain.EC3_L2,capilEC
2624,Brain.EC5_P2,capilEC
2625,Brain.EC5_M12,capilEC
2626,Brain.EC3_P15,capilEC
2627,Brain.EC3_A11,capilEC
2628,Brain.EC4_N14,capilEC
2629,Brain.EC4_H16,capilEC
2630,Brain.EC4_L24,capilEC
2631,Brain.EC4_J24,capilEC
2632,Brain.EC5_A14,capilEC
2633,Brain.EC3_I5,capilEC
2634,Brain.EC3_A21,capilEC
2635,Brain.Mural3_D15,capilEC
2636,Brain.EC3_D12,capilEC
2637,Brain.EC4_B16,capilEC
2638,Brain.EC3_E11,capilEC
2639,Brain.EC4_H8,capilEC
2640,Brain.EC5_K3,capilEC
2641,Brain.EC3_C7,capilEC
2642,Brain.EC5_M24,capilEC
2643,Brain.EC4_F7,capilEC
2644,Brain.EC5_C15,capilEC
2645,Brain.EC6_C24,capilEC
2646,Brain.EC5_H15,capilEC
2647,Brain.EC5_K9,capilEC
2648,Brain.EC6_K10,capilEC
2649,Brain.EC4_I23,capilEC
2650,Brain.EC5_J21,capilEC
2651,Brain.EC6_G10,capilEC
2652,Brain.EC3_D20,capilEC
2653,Brain.EC3_H16,capilEC
2654,Brain.EC6_D21,capilEC
2655,Brain.EC5_F1,capilEC
2656,Brain.EC3_L9,capilEC
2657,Brain.EC6_B13,capilEC
2658,Brain.EC6_F14,capilEC
2659,Brain.EC3_L11,capilEC
2660,Brain.EC5_F20,capilEC
2661,Brain.EC5_M19,capilEC
2662,Brain.EC5_O22,capilEC
2663,Brain.EC6_J16,capilEC
2664,Brain.EC3_I15,capilEC
2665,Brain.EC6_G15,capilEC
2666,Brain.EC5_B17,capilEC
2667,Brain.EC3_N23,capilEC
2668,Brain.EC6_M4,capilEC
2669,Brain.EC6_O23,capilEC
2670,Brain.EC5_B12,capilEC
2671,Brain.EC3_I9,capilEC
2672,Brain.EC3_F18,capilEC
2673,Brain.EC3_A20,capilEC
2674,Brain.Mural4_I17,capilEC
2675,Brain.EC4_L6,capilEC
2676,Brain.EC4_A23,capilEC
2677,Brain.EC5_K19,capilEC
2678,Brain.EC4_H21,capilEC
2679,Brain.EC4_H13,capilEC
2680,Brain.EC3_L6,capilEC
2681,Brain.EC3_M22,capilEC
2682,Brain.EC6_M20,capilEC
2683,Brain.EC3_D8,capilEC
2684,Brain.EC3_G15,capilEC
2685,Brain.EC4_I11,capilEC
2686,Brain.EC6_F9,capilEC
2687,Brain.EC4_A18,capilEC
2688,Brain.EC3_P2,capilEC
2689,Brain.EC3_I13,capilEC
2690,Brain.EC6_G8,capilEC
2691,Brain.EC3_G18,capilEC
2692,Brain.Mural4_F8,capilEC
2693,Brain.EC6_B2,capilEC
2694,Brain.EC3_M7,capilEC
2695,Brain.EC3_P8,capilEC
2696,Brain.EC3_B10,capilEC
2697,Brain.EC3_J12,capilEC
2698,Brain.EC5_G20,capilEC
2699,Brain.EC5_E16,capilEC
2700,Brain.EC4_G4,capilEC
2701,Brain.EC6_B3,capilEC
2702,Brain.Mural4_N22,capilEC
2703,Brain.EC6_D24,capilEC
2704,Brain.EC4_A12,capilEC
2705,Brain.EC3_P20,capilEC
2706,Brain.EC4_N13,capilEC
2707,Brain.EC5_A18,capilEC
2708,Brain.EC6_H19,capilEC
2709,Brain.EC4_E12,capilEC
2710,Brain.EC4_K21,capilEC
2711,Brain.EC4_O12,capilEC
2712,Brain.EC4_F15,capilEC
2713,Brain.EC5_L10,capilEC
2714,Brain.EC4_C4,capilEC
2715,Brain.EC5_P11,capilEC
2716,Brain.EC6_L2,capilEC
2717,Brain.EC3_C18,capilEC
2718,Brain.EC4_C6,capilEC
2719,Brain.EC3_K5,capilEC
2720,Brain.EC4_D7,capilEC
2721,Brain.EC5_G10,capilEC
2722,Brain.EC5_I1,capilEC
2723,Brain.EC6_I20,capilEC
2724,Brain.EC5_E3,capilEC
2725,Brain.EC6_H23,capilEC
2726,Brain.EC4_J14,capilEC
2727,Brain.EC6_F5,capilEC
2728,Brain.EC5_J16,capilEC
2729,Brain.EC6_B1,capilEC
2730,Brain.EC3_E5,capilEC
2731,Brain.EC4_E21,capilEC
2732,Brain.EC4_O7,capilEC
2733,Brain.EC5_A22,capilEC
2734,Brain.EC3_E12,capilEC
2735,Brain.EC3_K1,capilEC
2736,Brain.EC3_B18,capilEC
2737,Brain.EC3_I16,capilEC
2738,Brain.EC3_E16,capilEC
2739,Brain.EC5_J11,capilEC
2740,Brain.EC3_H2,capilEC
2741,Brain.EC4_P5,capilEC
2742,Brain.EC4_I24,capilEC
2743,Brain.EC6_N15,capilEC
2744,Brain.EC4_B11,capilEC
2745,Brain.EC6_C15,capilEC
2746,Brain.EC4_O2,capilEC
2747,Brain.EC3_D18,capilEC
2748,Brain.EC5_E1,capilEC
2749,Brain.EC3_L13,capilEC
2750,Brain.EC5_K18,capilEC
2751,Brain.EC3_N22,capilEC
2752,Brain.EC4_P13,capilEC
2753,Brain.EC4_I9,capilEC
2754,Brain.EC5_D6,capilEC
2755,Brain.EC3_C20,capilEC
2756,Brain.EC4_L9,capilEC
2757,Brain.EC4_B9,capilEC
2758,Brain.EC5_A15,capilEC
2759,Brain.EC4_H18,capilEC
2760,Brain.EC4_D15,capilEC
2761,Brain.EC3_G2,capilEC
2762,Brain.EC4_M2,capilEC
2763,Brain.EC3_F19,capilEC
2764,Brain.Mural5_I14,capilEC
2765,Brain.EC4_E6,capilEC
2766,Brain.EC4_A2,capilEC
2767,Brain.EC3_F15,capilEC
2768,Brain.EC6_K19,capilEC
2769,Brain.Mural4_P18,capilEC
2770,Brain.EC3_D13,capilEC
2771,Brain.EC3_P10,capilEC
2772,Brain.Mural6_N20,aEC
2773,Brain.EC4_H14,aEC
2774,Brain.EC3_D11,aEC
2775,Brain.EC6_L22,aEC
2776,Brain.EC4_D10,aEC
2777,Brain.Mural4_I4,aEC
2778,Brain.EC4_O22,aEC
2779,Brain.EC6_E22,aEC
2780,Brain.EC6_J13,aEC
2781,Brain.EC6_P4,aEC
2782,Brain.EC6_C1,aEC
2783,Brain.EC5_C12,aEC
2784,Brain.EC3_O10,aEC
2785,Brain.EC4_B15,aEC
2786,Brain.EC4_A19,aEC
2787,Brain.EC3_O19,aEC
2788,Brain.EC4_E19,aEC
2789,Brain.EC3_I20,aEC
2790,Brain.EC3_E22,aEC
2791,Brain.EC6_A15,aEC
2792,Brain.EC3_M16,aEC
2793,Brain.EC5_M22,aEC
2794,Brain.EC6_L23,aEC
2795,Brain.EC5_C10,aEC
2796,Brain.EC6_K5,aEC
2797,Brain.EC6_A19,aEC
2798,Brain.EC3_F14,aEC
2799,Brain.EC5_A3,aEC
2800,Brain.EC3_H17,aEC
2801,Brain.EC6_G9,aEC
2802,Brain.EC3_A2,aEC
2803,Brain.EC4_N17,aEC
2804,Brain.EC4_K11,aEC
2805,Brain.EC3_M21,aEC
2806,Brain.EC5_H5,aEC
2807,Brain.EC5_C5,aEC
2808,Brain.EC5_K15,aEC
2809,Brain.EC6_K21,aEC
2810,Brain.EC3_C17,aEC
2811,Brain.EC3_K24,aEC
2812,Brain.EC6_L21,aEC
2813,Brain.EC4_D5,aEC
2814,Brain.EC5_A16,aEC
2815,Brain.EC5_D22,aEC
2816,Brain.EC4_O20,aEC
2817,Brain.EC6_K13,aEC
2818,Brain.EC3_O20,aEC
2819,Brain.EC4_M7,aEC
2820,Brain.Mural3_I1,aEC
2821,Brain.EC5_K13,aEC
2822,Brain.EC3_K23,aEC
2823,Brain.EC5_K5,aEC
2824,Brain.EC4_B19,aEC
2825,Brain.EC6_J5,aEC
2826,Brain.EC4_K6,aEC
2827,Brain.EC6_A16,aEC
2828,Brain.EC4_B8,aEC
2829,Brain.EC6_B6,aEC
2830,Brain.EC4_D2,aEC
2831,Brain.EC5_D15,aEC
2832,Brain.EC3_N5,aEC
2833,Brain.EC4_F20,aEC
2834,Brain.EC4_K1,aEC
2835,Brain.EC4_J18,aEC
2836,Brain.EC4_J8,aEC
2837,Brain.EC4_C2,aEC
2838,Brain.Mural3_O24,aEC
2839,Brain.EC3_E13,aEC
2840,Brain.EC3_G7,aEC
2841,Brain.EC4_O8,aEC
2842,Brain.EC6_M13,aEC
2843,Brain.EC3_F13,aEC
2844,Brain.EC6_L3,aEC
2845,Brain.EC3_O13,aEC
2846,Brain.EC6_F18,aEC
2847,Brain.EC3_F24,aEC
2848,Brain.EC4_G3,aEC
2849,Brain.EC4_G18,aEC
2850,Brain.EC3_G12,aEC
2851,Brain.EC6_I1,aEC
2852,Brain.EC5_N19,aEC
2853,Brain.EC5_G13,aEC
2854,Brain.EC3_G5,aEC
2855,Brain.EC4_C11,aEC
2856,Brain.EC3_F2,aEC
2857,Brain.Mural5_I5,aEC
2858,Brain.EC4_J21,aEC
2859,Brain.EC6_F2,aEC
2860,Brain.EC3_L22,aEC
2861,Brain.EC6_G20,aEC
2862,Brain.EC6_K16,aEC
2863,Brain.EC4_F6,aEC
2864,Brain.Mural3_N11,aEC
2865,Brain.EC5_E13,aEC
2866,Brain.EC3_M12,aEC
2867,Brain.EC6_K22,aEC
2868,Brain.EC5_P1,aEC
2869,Brain.EC4_P2,aEC
2870,Brain.EC5_A9,aEC
2871,Brain.EC6_H12,aEC
2872,Brain.Pdgfra2_I16,aEC
2873,Brain.EC6_C4,aEC
2874,Brain.EC6_P5,aEC
2875,Brain.EC5_L13,aEC
2876,Brain.EC5_J6,aEC
2877,Brain.EC3_G22,aEC
2878,Brain.EC5_L6,aEC
2879,Brain.EC5_D1,aEC
2880,Brain.EC6_O19,aEC
2881,Brain.EC5_J18,aEC
2882,Brain.EC6_I2,aEC
2883,Brain.EC6_J6,aEC
2884,Brain.EC4_H10,aEC
2885,Brain.EC6_O7,aEC
2886,Brain.EC3_I14,aEC
2887,Brain.EC6_C7,aEC
2888,Brain.EC4_A5,aEC
2889,Brain.EC5_O23,aEC
2890,Brain.EC3_P19,aEC
2891,Brain.EC4_D4,aEC
2892,Brain.EC3_A12,aEC
2893,Brain.EC5_F11,aEC
2894,Brain.EC6_A7,aEC
2895,Brain.EC5_C18,aEC
2896,Brain.EC6_D17,aEC
2897,Brain.EC5_C23,aEC
2898,Brain.EC5_H16,aEC
2899,Brain.EC4_M14,aEC
2900,Brain.EC3_C16,aEC
2901,Brain.EC4_A8,aEC
2902,Brain.EC6_J11,aEC
2903,Brain.EC6_C6,aEC
2904,Brain.EC5_L21,aEC
2905,Brain.EC6_M1,aEC
2906,Brain.EC3_O6,aEC
2907,Brain.EC5_C2,aEC
2908,Brain.EC6_M3,aEC
2909,Brain.EC3_O14,aEC
2910,Brain.EC5_H1,aEC
2911,Brain.EC6_N3,aEC
2912,Brain.EC6_H14,aEC
2913,Brain.EC3_K11,aEC
2914,Brain.EC6_P3,aEC
2915,Brain.EC5_N23,aEC
2916,Brain.EC3_D10,aEC
2917,Brain.EC4_E4,aEC
2918,Brain.EC3_M11,aEC
2919,Brain.EC4_E3,aEC
2920,Brain.EC5_N3,aEC
2921,Brain.EC3_G9,aEC
2922,Brain.EC5_M10,aEC
2923,Brain.Mural6_G2,aEC
2924,Brain.EC6_F8,aEC
2925,Brain.EC3_M6,aEC
2926,Brain.EC6_N6,aEC
2927,Brain.EC6_M10,aEC
2928,Brain.EC3_C10,aEC
2929,Brain.EC6_J15,aEC
2930,Brain.EC6_I3,aEC
2931,Brain.EC3_H10,aEC
2932,Brain.EC6_F4,aEC
2933,Brain.EC3_F16,aEC
2934,Brain.EC4_G1,aEC
2935,Brain.EC4_F12,aEC
2936,Brain.EC4_M18,aEC
2937,Brain.EC6_E20,aEC
2938,Brain.EC3_E15,aEC
2939,Brain.EC6_I13,aEC
2940,Brain.EC5_P9,aEC
2941,Brain.EC5_O2,aEC
2942,Brain.EC4_I3,aEC
2943,Brain.EC5_E14,aEC
2944,Brain.EC3_K20,aEC
2945,Brain.EC6_N18,aEC
2946,Brain.EC5_L5,aEC
2947,Brain.EC3_A10,aEC
2948,Brain.EC5_A13,aEC
2949,Brain.EC5_L19,aEC
2950,Brain.EC6_O2,aEC
2951,Brain.EC4_M5,aEC
2952,Brain.EC5_A17,aEC
2953,Brain.EC4_O15,aEC
2954,Brain.EC6_E9,aEC
2955,Brain.EC5_H7,aEC
2956,Brain.EC4_G15,aEC
2957,Brain.EC6_E21,aEC
2958,Brain.EC6_K12,aEC
2959,Brain.EC5_P10,aEC
2960,Brain.EC4_G20,aEC
2961,Brain.EC6_O16,aEC
2962,Brain.EC5_K21,aEC
2963,Brain.EC4_A9,aEC
2964,Brain.EC4_G7,aEC
2965,Brain.EC3_K14,aEC
2966,Brain.EC4_P19,aEC
2967,Brain.EC4_D18,aEC
2968,Brain.EC4_H23,aEC
2969,Brain.EC4_H7,aEC
2970,Brain.EC4_I7,aEC
2971,Brain.EC6_M8,aEC
2972,Brain.EC6_E1,aEC
2973,Brain.EC3_D19,aEC
2974,Brain.EC6_J17,aEC
2975,Brain.EC6_O4,aEC
2976,Brain.EC4_N18,aEC
2977,Brain.EC3_H15,aEC
2978,Brain.EC6_P24,aEC
2979,Brain.EC5_C9,aEC
2980,Brain.EC4_P16,aEC
2981,Brain.EC3_G8,aEC
2982,Brain.EC3_H19,aEC
2983,Brain.EC4_P7,aEC
2984,Brain.EC4_N20,aEC
2985,Brain.EC3_B7,aEC
2986,Brain.EC4_O24,aEC
2987,Brain.EC4_I17,aEC
2988,Brain.EC5_L14,aEC
2989,Brain.EC4_P20,aEC
2990,Brain.EC5_K11,aEC
2991,Brain.EC6_P19,aEC
2992,Brain.EC6_P10,aEC
2993,Brain.EC4_I20,aEC
2994,Brain.EC5_O6,aEC
2995,Brain.EC5_M23,aEC
2996,Brain.EC4_M8,aEC
2997,Brain.EC4_J23,aEC
2998,Brain.EC3_N14,aEC
2999,Brain.EC3_A9,aEC
3000,Brain.EC5_B6,aEC
3001,Brain.EC3_G24,aEC
3002,Brain.EC5_J2,aEC
3003,Brain.EC4_G24,aEC
3004,Brain.EC3_D7,aEC
3005,Brain.EC5_A24,aEC
3006,Brain.EC3_B24,aEC
3007,Brain.EC4_I13,aEC
3008,Brain.EC4_J12,aEC
3009,Brain.EC3_P23,aEC
3010,Brain.EC4_J13,aEC
3011,Brain.EC3_P9,aEC
3012,Brain.EC3_M15,aEC
3013,Brain.EC3_E6,aEC
3014,Brain.EC5_G2,aEC
3015,Brain.EC4_B21,aEC
3016,Brain.EC4_A11,aEC
3017,Brain.EC3_I7,aEC
3018,Brain.EC6_G4,aEC
3019,Brain.EC6_E14,aEC
3020,Brain.EC3_N10,aEC
3021,Brain.EC3_H6,aEC
3022,Brain.EC4_A15,aEC
3023,Brain.EC6_I9,aEC
3024,Brain.EC6_L14,aEC
3025,Brain.EC5_P4,aEC
3026,Brain.EC6_D22,aEC
3027,Brain.EC5_E11,aEC
3028,Brain.EC6_B8,aEC
3029,Brain.EC6_B5,aEC
3030,Brain.EC3_P13,aEC
3031,Brain.EC6_K15,aEC
3032,Brain.EC6_J12,aEC
3033,Brain.EC5_L18,aEC
3034,Brain.EC5_K6,aEC
3035,Brain.EC4_F5,aEC
3036,Brain.EC4_C13,aEC
3037,Brain.EC5_G7,aEC
3038,Brain.EC5_F13,aEC
3039,Brain.EC3_N3,aEC
3040,Brain.EC4_N12,aEC
3041,Brain.EC4_F19,aEC
3042,Brain.EC4_B20,aEC
3043,Brain.EC3_K21,aEC
3044,Brain.EC4_D20,aEC
3045,Brain.EC4_H11,aEC
3046,Brain.EC4_G17,aEC
3047,Brain.EC4_G12,aEC
3048,Brain.EC3_K17,aEC
3049,Brain.EC3_K9,aEC
3050,Brain.EC4_G21,aEC
3051,Brain.EC3_O18,aEC
3052,Brain.EC6_D6,aEC
3053,Brain.EC3_B2,aEC
3054,Brain.EC5_B18,aEC
3055,Brain.EC3_H8,aEC
3056,Brain.EC6_C13,aEC
3057,Brain.EC3_J8,aEC
3058,Brain.EC4_F4,aEC
3059,Brain.EC6_D23,aEC
3060,Brain.Mural6_O11,aEC
3061,Brain.EC5_G18,aEC
3062,Brain.EC6_N13,aEC
3063,Brain.EC4_O4,aEC
3064,Brain.EC4_H24,aEC
3065,Brain.EC3_L1,aEC
3066,Brain.EC6_L9,aEC
3067,Brain.EC5_D7,aEC
3068,Brain.EC6_H10,aEC
3069,Brain.EC3_L12,aEC
3070,Brain.EC4_J16,aEC
3071,Brain.EC6_J14,aEC
3072,Brain.EC4_F8,aEC
3073,Brain.EC5_H8,aEC
3074,Brain.EC5_P14,aEC
3075,Brain.EC6_K7,aEC
3076,Brain.EC6_D11,aEC
3077,Brain.EC5_B11,aEC
3078,Brain.EC4_C21,aEC
3079,Brain.EC6_C10,aEC
3080,Brain.EC5_J20,aEC
3081,Brain.EC5_F22,aEC
3082,Brain.EC4_E24,aEC
3083,Brain.EC5_O9,aEC
3084,Brain.EC6_A18,aEC
3085,Brain.EC4_B13,aEC
3086,Brain.EC6_M16,aEC
3087,Brain.EC3_K22,aEC
3088,Brain.EC6_G17,aEC
3089,Brain.EC6_D13,aEC
3090,Brain.EC6_D14,aEC
3091,Brain.EC4_B23,aEC
3092,Brain.EC6_A21,aEC
3093,Brain.EC5_K24,aEC
3094,Brain.EC5_I12,aEC
3095,Brain.EC3_G17,aEC
3096,Brain.EC5_B15,aEC
3097,Brain.EC6_L4,aEC
3098,Brain.EC5_D17,aEC
3099,Brain.EC5_N22,aEC
3100,Brain.EC6_J8,aEC
3101,Brain.EC5_H11,aEC
3102,Brain.EC5_L12,aEC
3103,Brain.EC6_O5,aEC
3104,Brain.EC5_F14,aEC
3105,Brain.EC6_E6,aEC
3106,Brain.EC5_C6,aEC
3107,Brain.EC6_J10,aEC
3108,Brain.EC6_C11,aEC
3109,Brain.Mural5_M22,aEC
3110,Brain.EC6_A24,aEC
3111,Brain.EC6_P8,aEC
3112,Brain.EC4_C24,aEC
3113,Brain.EC5_J10,aEC
3114,Brain.EC3_A14,aEC
3115,Brain.EC6_I22,aEC
3116,Brain.EC3_J3,aEC
3117,Brain.EC4_L17,aEC
3118,Brain.EC4_A6,aEC
3119,Brain.EC3_E2,aEC
3120,Brain.EC5_I5,aEC
3121,Brain.EC5_N20,aEC
3122,Brain.EC6_L20,aEC
3123,Brain.EC4_L3,aEC
3124,Brain.EC3_O22,aEC
3125,Brain.EC5_N5,aEC
3126,Brain.EC3_F20,aEC
3127,Brain.EC6_K8,aEC
3128,Brain.EC5_D12,aEC
3129,Brain.EC5_K10,aEC
3130,Brain.EC6_E10,aEC
3131,Brain.EC6_A3,aEC
3132,Brain.EC3_G14,aEC
3133,Brain.EC6_E7,aEC
3134,Brain.EC5_F3,aEC
3135,Brain.EC5_K22,aEC
3136,Brain.EC5_H20,aEC
3137,Brain.EC6_M23,aEC
3138,Brain.EC5_O12,aEC
3139,Brain.EC3_O21,aEC
3140,Brain.EC4_O6,aEC
3141,Brain.EC5_J7,aEC
3142,Brain.EC3_L10,aEC
3143,Brain.EC4_K18,aEC
3144,Brain.EC4_L5,aEC
3145,Brain.EC6_O22,aEC
3146,Brain.EC5_P13,aEC
3147,Brain.EC5_E23,aEC
3148,Brain.Mural5_P14,aEC
3149,Brain.EC4_B1,aEC
3150,Brain.EC3_M13,aEC
3151,Brain.EC3_B14,aEC
3152,Brain.EC3_A8,aEC
3153,Brain.EC3_O5,aEC
3154,Brain.EC3_C2,aEC
3155,Brain.EC6_G19,aEC
3156,Brain.EC5_D21,aEC
3157,Brain.EC5_J14,aEC
3158,Brain.EC3_P12,aEC
3159,Brain.EC6_E19,aEC
3160,Brain.EC6_G7,aEC
3161,Brain.EC4_H4,aEC
3162,Brain.EC3_N17,aEC
3163,Brain.EC5_M11,aEC
3164,Brain.Pdgfra1_B12,aEC
3165,Brain.EC5_F9,aEC
3166,Brain.EC6_A20,aEC
3167,Brain.EC3_I24,aEC
3168,Brain.EC6_F3,aEC
3169,SS2_16_468_M16,AC
3170,SS2_16_468_G3,AC
3171,SS2_16_468_O10,AC
3172,SS2_16_468_E16,AC
3173,SS2_16_468_C7,AC
3174,SS2_16_468_F24,AC
3175,SS2_16_468_P22,AC
3176,SS2_16_468_K8,AC
3177,SS2_16_468_C10,AC
3178,SS2_16_469_A13,AC
3179,SS2_16_468_F4,AC
3180,SS2_16_468_K9,AC
3181,SS2_16_469_M17,AC
3182,SS2_16_469_H18,AC
3183,SS2_16_468_N8,AC
3184,SS2_16_468_N11,AC
3185,SS2_16_469_C15,AC
3186,SS2_16_469_E3,AC
3187,SS2_16_468_I13,AC
3188,SS2_16_468_P8,AC
3189,SS2_16_468_F22,AC
3190,SS2_16_468_H7,AC
3191,SS2_16_468_F17,AC
3192,SS2_16_469_L22,AC
3193,SS2_16_468_O22,AC
3194,SS2_16_469_C12,AC
3195,SS2_16_468_A20,AC
3196,SS2_16_468_A19,AC
3197,SS2_16_469_A23,AC
3198,SS2_16_468_E15,AC
3199,SS2_16_469_G5,AC
3200,SS2_16_469_B10,AC
3201,SS2_16_468_L11,AC
3202,SS2_16_469_K9,AC
3203,SS2_16_468_G19,AC
3204,SS2_16_468_O6,AC
3205,SS2_16_468_C16,AC
3206,SS2_16_469_B16,AC
3207,SS2_16_468_J18,AC
3208,SS2_16_468_M7,AC
3209,SS2_16_468_M22,AC
3210,SS2_16_468_E14,AC
3211,SS2_16_469_A19,AC
3212,SS2_16_469_I6,AC
3213,SS2_16_468_C11,AC
3214,SS2_16_468_M3,AC
3215,SS2_16_469_A6,AC
3216,SS2_16_468_N23,AC
3217,SS2_16_468_H11,AC
3218,SS2_16_469_I23,AC
3219,SS2_16_468_B7,AC
3220,SS2_16_468_L19,AC
3221,SS2_16_469_K5,AC
3222,SS2_16_468_H14,AC
3223,SS2_16_468_C12,AC
3224,SS2_16_469_A18,AC
3225,SS2_16_469_J5,AC
3226,SS2_16_469_C11,AC
3227,SS2_16_469_O10,AC
3228,SS2_16_468_J21,AC
3229,SS2_16_468_D24,AC
3230,SS2_16_468_D10,AC
3231,SS2_16_468_K4,AC
3232,SS2_16_469_I11,AC
3233,SS2_16_469_L16,AC
3234,SS2_16_468_B5,AC
3235,SS2_16_469_K8,AC
3236,SS2_16_469_G8,AC
3237,SS2_16_468_A1,AC
3238,SS2_16_469_B7,AC
3239,SS2_16_468_C2,AC
3240,SS2_16_468_L22,AC
3241,SS2_16_469_C14,AC
3242,SS2_16_468_L2,AC
3243,SS2_16_469_N24,AC
3244,SS2_16_468_A8,AC
3245,SS2_16_469_C5,AC
3246,SS2_16_468_G7,AC
3247,SS2_16_468_M24,AC
3248,SS2_16_469_H16,AC
3249,SS2_16_468_J1,AC
3250,SS2_16_468_D21,AC
3251,SS2_16_468_I4,AC
3252,SS2_16_469_G22,AC
3253,SS2_16_469_G12,AC
3254,SS2_16_469_J22,AC
3255,SS2_16_469_L11,AC
3256,SS2_16_468_C18,AC
3257,SS2_16_468_K20,AC
3258,SS2_16_468_M1,AC
3259,SS2_16_468_N20,AC
3260,SS2_16_468_N2,AC
3261,SS2_16_468_D4,AC
3262,SS2_16_468_A4,AC
3263,SS2_16_468_I14,AC
3264,SS2_16_469_I19,AC
3265,SS2_16_468_A14,AC
3266,SS2_16_468_N16,AC
3267,SS2_16_468_G15,AC
3268,SS2_16_468_J12,AC
3269,SS2_16_468_N1,AC
3270,SS2_16_468_H20,AC
3271,SS2_16_468_K10,AC
3272,SS2_16_468_C22,AC
3273,SS2_16_468_O1,AC
3274,SS2_16_469_B17,AC
3275,SS2_16_469_O1,AC
3276,SS2_16_469_G14,AC
3277,SS2_16_469_D14,AC
3278,SS2_16_469_B18,AC
3279,SS2_16_468_F10,AC
3280,SS2_16_469_M15,AC
3281,SS2_16_468_M5,AC
3282,SS2_16_469_E19,AC
3283,SS2_16_469_J14,AC
3284,SS2_16_468_L9,AC
3285,SS2_16_468_M21,AC
3286,SS2_16_468_B11,AC
3287,SS2_16_468_M17,AC
3288,SS2_16_468_E24,AC
3289,SS2_16_469_H1,AC
3290,SS2_16_469_E15,AC
3291,SS2_16_468_P17,AC
3292,SS2_16_468_B18,AC
3293,SS2_16_468_D14,AC
3294,SS2_16_468_I16,AC
3295,SS2_16_469_E23,AC
3296,SS2_16_468_N10,AC
3297,SS2_16_469_G3,AC
3298,SS2_16_469_P11,AC
3299,SS2_16_468_L17,AC
3300,SS2_16_468_E21,AC
3301,SS2_16_469_B19,AC
3302,SS2_16_468_M14,AC
3303,SS2_16_468_H9,AC
3304,SS2_16_469_J9,AC
3305,SS2_16_468_A17,AC
3306,SS2_16_468_D16,AC
3307,SS2_16_468_C14,AC
3308,SS2_16_468_L24,AC
3309,SS2_16_468_F3,AC
3310,SS2_16_468_M6,AC
3311,SS2_16_468_N13,AC
3312,SS2_16_468_I9,AC
3313,SS2_16_468_D2,AC
3314,SS2_16_468_E13,AC
3315,SS2_16_468_A12,AC
3316,SS2_16_468_L21,AC
3317,SS2_16_468_A9,AC
3318,SS2_16_468_A18,AC
3319,SS2_16_468_B20,AC
3320,SS2_16_468_F20,AC
3321,SS2_16_468_C4,AC
3322,SS2_16_468_J19,AC
3323,SS2_16_469_H15,AC
3324,SS2_16_468_C13,AC
3325,SS2_16_468_B22,AC
3326,SS2_16_468_P11,AC
3327,SS2_16_468_E17,AC
3328,SS2_16_468_N21,AC
3329,SS2_16_468_D7,AC
3330,SS2_16_468_P6,AC
3331,SS2_16_468_N7,AC
3332,SS2_16_468_K21,AC
3333,SS2_16_468_B3,AC
3334,SS2_16_468_C8,AC
3335,SS2_16_468_E8,AC
3336,SS2_16_468_P5,AC
3337,SS2_16_468_J24,AC
3338,SS2_16_468_D17,AC
3339,SS2_16_468_G13,AC
3340,SS2_16_468_K15,AC
3341,SS2_16_468_C19,AC
3342,SS2_16_469_L20,AC
3343,SS2_16_468_P20,AC
3344,SS2_16_469_N11,AC
3345,SS2_16_468_K12,AC
3346,SS2_16_468_D12,AC
3347,SS2_16_469_G2,AC
3348,SS2_16_468_O24,AC
3349,SS2_16_469_F2,AC
3350,SS2_16_468_G22,AC
3351,SS2_16_468_D19,AC
3352,SS2_16_468_H1,AC
3353,SS2_16_468_I20,AC
3354,SS2_16_469_M21,AC
3355,SS2_16_469_D21,AC
3356,SS2_16_468_M10,AC
3357,SS2_16_469_K2,AC
3358,SS2_16_469_P18,AC
3359,SS2_16_469_P19,AC
3360,SS2_16_468_G5,AC
3361,SS2_16_468_N3,AC
3362,SS2_16_469_E21,AC
3363,SS2_16_469_J7,AC
3364,SS2_16_468_D3,AC
3365,SS2_16_468_B6,AC
3366,SS2_16_468_N17,AC
3367,SS2_16_468_E7,AC
3368,SS2_16_469_N6,AC
3369,SS2_16_468_L5,AC
3370,SS2_16_469_N1,AC
3371,SS2_16_468_P18,AC
3372,SS2_16_469_O18,AC
3373,SS2_16_468_P4,AC
3374,SS2_16_468_A11,AC
3375,SS2_16_468_C23,AC
3376,SS2_16_468_H13,AC
3377,SS2_16_469_N7,AC
3378,SS2_16_469_F8,AC
3379,SS2_16_468_L1,AC
3380,SS2_16_469_B14,AC
3381,SS2_16_468_L18,AC
3382,SS2_16_468_G6,AC
3383,SS2_16_469_O14,AC
3384,SS2_16_468_L12,AC
3385,SS2_16_468_O2,AC
3386,SS2_16_469_H23,AC
3387,SS2_16_469_O21,AC
3388,SS2_16_468_E1,AC
3389,SS2_16_469_A1,AC
3390,SS2_16_468_G2,AC
3391,SS2_16_469_A22,AC
3392,SS2_16_468_B17,AC
3393,SS2_16_468_L10,AC
3394,SS2_16_469_F13,AC
3395,SS2_16_469_F14,AC
3396,SS2_16_468_N14,AC
3397,SS2_16_469_O11,AC
3398,SS2_16_469_L10,AC
3399,SS2_16_468_I15,AC
3400,SS2_16_469_H10,AC
3401,SS2_16_468_G4,AC
3402,SS2_16_468_B2,AC
3403,SS2_16_468_J8,AC
3404,SS2_16_468_M8,AC
3405,SS2_16_469_I1,AC
3406,SS2_16_469_I8,AC
3407,SS2_16_468_H16,AC
3408,SS2_16_469_M23,AC
3409,SS2_16_469_K17,AC
3410,SS2_16_469_A10,AC
3411,SS2_16_469_I2,AC
3412,SS2_16_469_L3,AC
3413,SS2_16_469_A2,AC
3414,SS2_16_468_M23,AC
3415,SS2_16_469_M6,AC
3416,SS2_16_468_A3,AC
3417,SS2_16_469_F15,AC
3418,SS2_16_468_A6,AC